type,features
FeatureCollection,"{'type': 'Feature', 'id': 'relation/8487386', 'properties': {'addr:city': 'Zürich', 'addr:country': 'CH', 'addr:housenumber': '75', 'addr:postcode': '8032', 'addr:street': 'Steinwiesstrasse', 'amenity': 'hospital', 'description': 'Specialized on hospitalized children.', 'email': 'info@kispi.uzh.ch', 'emergency': 'yes', 'healthcare': 'hospital', 'healthcare:speciality': 'intensive', 'name': 'Kinderspital Zürich', 'operator': 'Eleonorenstiftung', 'phone': '+41 44 266 71 11', 'short_name': 'Kispi ZH', 'type': 'multipolygon', 'website': 'https://www.kispi.uzh.ch/', 'wikidata': 'Q1374004', 'id': 'relation/8487386'}, 'geometry': {'type': 'MultiPolygon', 'coordinates': [[[[8.559065799999999, 47.37141], [8.5592495, 47.3708205], [8.5597591, 47.3709105], [8.5597967, 47.3709205], [8.5600407, 47.3709541], [8.5603157, 47.3709777], [8.5603532, 47.3709831], [8.5603707, 47.3710013], [8.5603935, 47.3711012], [8.5603948, 47.3711321], [8.5603827, 47.371172], [8.5603586, 47.3712429], [8.5603251, 47.3713037], [8.5602929, 47.3713582], [8.5602392, 47.3714145], [8.5601802, 47.3714718], [8.5599871, 47.3716271], [8.5595754, 47.3713819], [8.5594198, 47.3714618], [8.559065799999999, 47.37141]]], [[[8.5563232, 47.3721718], [8.556822, 47.3716257], [8.5568598, 47.3716064], [8.5569068, 47.3715915], [8.5569781, 47.3715814], [8.557499, 47.3715342], [8.5577959, 47.3715151], [8.5579235, 47.3715209], [8.558012, 47.3715342], [8.5581029, 47.3715597], [8.5586027, 47.3717724], [8.5587335, 47.3718292], [8.5587766, 47.371861], [8.5588047, 47.371896], [8.5588173, 47.3719379], [8.5588157, 47.3719761], [8.5587993, 47.3720334], [8.5587311, 47.3722498], [8.5587546, 47.3722732], [8.5585666, 47.3728731], [8.558547, 47.3728944], [8.5585181, 47.372905], [8.5584617, 47.3729055], [8.5583074, 47.3729055], [8.5581421, 47.3729294], [8.557976, 47.372984], [8.5579251, 47.3730111], [8.5577191, 47.3727787], [8.5573627, 47.3726556], [8.5571355, 47.3725713], [8.556911, 47.3724679], [8.5567822, 47.3725794], [8.556626, 47.372506], [8.5565592, 47.372567599999996], [8.5561502, 47.3723637], [8.5563232, 47.3721718]]]]}}"
FeatureCollection,"{'type': 'Feature', 'id': 'relation/9065183', 'properties': {'addr:city': 'Affoltern am Albis', 'addr:housenumber': '27', 'addr:postcode': '8910', 'addr:street': 'Sonnenbergstrasse', 'amenity': 'hospital', 'email': 'kontakt@spitalaffoltern.ch', 'emergency': 'yes', 'fax': '+41 44 714 25 32', 'healthcare': 'hospital', 'name': 'Spital Affoltern am Albis', 'phone': '+41 44 714 21 11', 'type': 'multipolygon', 'website': 'https://www.spitalaffoltern.ch', 'id': 'relation/9065183'}, 'geometry': {'type': 'MultiPolygon', 'coordinates': [[[[8.4572971, 47.2831767], [8.4577387, 47.28326], [8.4575372, 47.2838332], [8.457501, 47.2838284], [8.4572367, 47.283653], [8.4570126, 47.283448], [8.4572971, 47.2831767]]], [[[8.4562878, 47.2835319], [8.457165, 47.2839657], [8.4571801, 47.2839991], [8.4572, 47.2842278], [8.4573824, 47.2842459], [8.4573549, 47.2845645], [8.4580496, 47.2848076], [8.4577088, 47.2852276], [8.4572347, 47.2852024], [8.4570493, 47.285206], [8.4565705, 47.2859996], [8.4562728, 47.2862466], [8.4558409, 47.2863044], [8.4554252, 47.2862552], [8.4553367, 47.2862507], [8.4551409, 47.286206], [8.4550734, 47.285993], [8.4550702, 47.2854821], [8.4551612, 47.2852349], [8.4552014, 47.2849332], [8.4552523, 47.2845504], [8.4553531, 47.2840796], [8.4555431, 47.2836179], [8.4561057, 47.2837462], [8.4561811, 47.2836202], [8.4562434, 47.2836448], [8.4562878, 47.2835319]]]]}}"
FeatureCollection,"{'type': 'Feature', 'id': 'relation/9503571', 'properties': {'addr:city': 'Bülach', 'addr:country': 'CH', 'addr:housenumber': '24', 'addr:postcode': '8180', 'addr:street': 'Spitalstrasse', 'amenity': 'hospital', 'emergency': 'yes', 'healthcare': 'hospital', 'healthcare:speciality': 'intensive', 'name': 'Spital Bülach', 'phone': '+41 44 863 22 11', 'type': 'multipolygon', 'website': 'https://www.spitalbuelach.ch/', 'wheelchair': 'yes', 'wikidata': 'Q51682761', 'id': 'relation/9503571'}, 'geometry': {'type': 'Polygon', 'coordinates': [[[8.534415, 47.521887], [8.5331926, 47.5221454], [8.5328526, 47.5219017], [8.5321686, 47.5219753], [8.5319558, 47.5215382], [8.5327925, 47.5213453], [8.532732, 47.5210144], [8.5341142, 47.520724], [8.5343446, 47.5206731], [8.5349302, 47.5205096], [8.5351692, 47.5204429], [8.5352213, 47.520944], [8.5346717, 47.5211736], [8.5348783, 47.5217688], [8.534415, 47.521887]]]}}"
FeatureCollection,"{'type': 'Feature', 'id': 'way/23793421', 'properties': {'addr:city': 'Männedorf', 'addr:country': 'CH', 'addr:housenumber': '120', 'addr:postcode': '8708', 'addr:street': 'Bergstrasse', 'amenity': 'clinic', 'building': 'yes', 'name': 'Kinderstation Brüschhalde', 'operator': 'Klinik für Kinder- und Jugendpsychiatrie und Psychotherapie', 'id': 'way/23793421'}, 'geometry': {'type': 'Polygon', 'coordinates': [[[8.7030134, 47.253339], [8.703154, 47.2532701], [8.7031651, 47.2532789], [8.7033129, 47.25321], [8.7034343, 47.253326799999996], [8.7033319, 47.2533746], [8.7033069, 47.2533476], [8.7032776, 47.2533619], [8.7032776, 47.2533746], [8.7032372, 47.2533926], [8.70322, 47.2533899], [8.7031907, 47.253404], [8.703196, 47.2534097], [8.7031228, 47.2534442], [8.7030134, 47.253339]]]}}"
FeatureCollection,"{'type': 'Feature', 'id': 'way/28530564', 'properties': {'addr:city': 'Wetzikon', 'addr:housenumber': '48', 'addr:postcode': '8620', 'addr:street': 'Spitalstrasse', 'amenity': 'hospital', 'healthcare': 'hospital', 'healthcare:speciality': 'intensive', 'name': 'GZO Spital Wetzikon', 'toilets:wheelchair': 'yes', 'website': 'https://www.gzo.ch/', 'wheelchair': 'yes', 'wikidata': 'Q33121500', 'id': 'way/28530564'}, 'geometry': {'type': 'Polygon', 'coordinates': [[[8.7993495, 47.3218401], [8.7995529, 47.3216945], [8.7998943, 47.3214232], [8.8000142, 47.3212997], [8.8004292, 47.3208721], [8.8006758, 47.3205219], [8.8008073, 47.3205538], [8.8008777, 47.3205596], [8.8009665, 47.3205486], [8.8010514, 47.3205252], [8.8012136, 47.3204837], [8.8013145, 47.3204625], [8.8014328, 47.320448], [8.801581, 47.3204414], [8.8017333, 47.3204429], [8.8020614, 47.3204837], [8.802297, 47.3205329], [8.8026932, 47.3206538], [8.8027586, 47.3206954], [8.8028185, 47.3207517], [8.8031563, 47.3209014], [8.8034534, 47.321037], [8.8033994, 47.3211561], [8.8031869, 47.3216248], [8.8030243, 47.3219988], [8.802989, 47.3220801], [8.8029167, 47.3222464], [8.8028382, 47.3224028], [8.8027976, 47.3224889], [8.8027138, 47.3224741], [8.8026162, 47.3224638], [8.8025548, 47.3224545], [8.8020884, 47.3223468], [8.8018234, 47.3222972], [8.8017414, 47.3222819], [8.8016046, 47.32226], [8.8015085, 47.3222487], [8.8012298, 47.3222094], [8.8009724, 47.3221938], [8.800583, 47.3221789], [8.8003777, 47.322163], [8.8001884, 47.3221376], [8.800031, 47.3221065], [8.7999387, 47.3220768], [8.7997472, 47.322019], [8.7994893, 47.3219062], [8.7993495, 47.3218401]]]}}"
FeatureCollection,"{'type': 'Feature', 'id': 'way/31966721', 'properties': {'addr:city': 'Zürich', 'addr:country': 'CH', 'addr:housenumber': '34', 'addr:postcode': '8008', 'addr:street': 'Bellerivestrasse', 'amenity': 'clinic', 'building': 'yes', 'building:material': 'metal', 'building:shape': 'pyramidal', 'name': 'Klinik Pyramide am See', 'phone': '+41 44 388 15 15', 'source': 'Stadt Zürich Open Government Data; Geomatik + Vermessung; Tiefbau- und Entsorgungsdepartement', 'start_date': '1971', 'website': 'https://pyramide.ch/', 'id': 'way/31966721'}, 'geometry': {'type': 'Polygon', 'coordinates': [[[8.548669, 47.3581113], [8.5488296, 47.3579019], [8.5491676, 47.3580208], [8.549007, 47.3582303], [8.548669, 47.3581113]]]}}"
FeatureCollection,"{'type': 'Feature', 'id': 'way/47411281', 'properties': {'addr:city': 'Rheinau', 'addr:country': 'CH', 'addr:housenumber': '61', 'addr:postcode': '8462', 'addr:street': 'Alleestrasse', 'amenity': 'clinic', 'building': 'yes', 'healthcare': 'clinic', 'healthcare:speciality': 'psychiatry', 'name': 'Zentrum für Integrative Psychiatrie', 'opening_hours:signed': 'no', 'id': 'way/47411281'}, 'geometry': {'type': 'Polygon', 'coordinates': [[[8.6073607, 47.6356341], [8.6070501, 47.635658], [8.607022, 47.6354926], [8.6073326, 47.6354686], [8.6073607, 47.6356341]]]}}"
FeatureCollection,"{'type': 'Feature', 'id': 'way/78763599', 'properties': {'addr:country': 'CH', 'amenity': 'hospital', 'building': 'hospital', 'healthcare': 'hospital', 'id': 'way/78763599'}, 'geometry': {'type': 'Polygon', 'coordinates': [[[8.5359558, 47.3195209], [8.5363692, 47.3195192], [8.5363726, 47.3199862], [8.5363994, 47.3199854], [8.5363982, 47.3200213], [8.536445, 47.3200211], [8.5364458, 47.3200558], [8.5366752, 47.3200552], [8.5366819, 47.3202812], [8.5365455, 47.3202817], [8.5365492, 47.3203941], [8.5364161, 47.3203962], [8.5364202, 47.3205585], [8.5360902, 47.3205622], [8.5360862, 47.3203457], [8.5360841, 47.320287], [8.5362565, 47.3202845], [8.5362519, 47.3200938], [8.5361237, 47.3200952], [8.5361246, 47.3200619], [8.5359662, 47.3200628], [8.5359571, 47.3195893], [8.5359558, 47.3195209]]]}}"
FeatureCollection,"{'type': 'Feature', 'id': 'way/97003703', 'properties': {'addr:housenumber': '247', 'addr:street': 'Seestrasse', 'amenity': 'clinic', 'building': 'yes', 'description': 'Kiefer- und Gesichtschirurgie', 'healthcare': 'clinic', 'healthcare:speciality': 'dentistry', 'name': 'Zahn- und Kieferklinik Seestrasse', 'operator': 'Privatklinikgruppe Hirslanden', 'operator:type': 'private', 'website': 'https://www.hirslanden.ch/de/klinik-im-park/centers/zahn--und-kieferklinik.html', 'id': 'way/97003703'}, 'geometry': {'type': 'Polygon', 'coordinates': [[[8.5323904, 47.35133], [8.5323715, 47.3516657], [8.5321254, 47.3517022], [8.5321111, 47.3515815], [8.5321193, 47.3514339], [8.5321434, 47.3512921], [8.5323904, 47.35133]]]}}"
FeatureCollection,"{'type': 'Feature', 'id': 'way/97003733', 'properties': {'addr:housenumber': '7', 'addr:street': 'Kappelistrasse', 'building': 'apartments', 'building:levels': '4', 'healthcare': 'clinic', 'healthcare:speciality': 'pulmonology', 'name': 'LungenZentrum Im Park', 'website': 'https://www.hirslanden.ch/de/klinik-im-park/centers/lungenzentrum-im-park.html', 'id': 'way/97003733'}, 'geometry': {'type': 'Polygon', 'coordinates': [[[8.5322455, 47.3553301], [8.5322342, 47.3551013], [8.532247, 47.3551003], [8.532244500000001, 47.3550612], [8.5324382, 47.355055899999996], [8.5324505, 47.3551481], [8.5323318, 47.3553502], [8.5322455, 47.3553301]]]}}"
FeatureCollection,"{'type': 'Feature', 'id': 'way/104822812', 'properties': {'addr:housenumber': '14', 'addr:street': 'Wagistrasse', 'building': 'office', 'building:levels': '6', 'healthcare': 'clinic', 'healthcare:speciality': 'radiology', 'name': 'PET/CT-MR Zentrum Schlieren USZ', 'roof:levels': '0', 'id': 'way/104822812'}, 'geometry': {'type': 'Polygon', 'coordinates': [[[8.4577011, 47.3986365], [8.457685099999999, 47.3984955], [8.4576768, 47.398423], [8.4578505, 47.3984118], [8.4580471, 47.3983893], [8.458184, 47.3983714], [8.458245, 47.3983634], [8.4584646, 47.3983297], [8.4586931, 47.3982874], [8.4587812, 47.3984991], [8.4586152, 47.3985311], [8.4584633, 47.3985587], [8.458291, 47.3985847], [8.4582563, 47.3985885], [8.458086699999999, 47.3986071], [8.4579233, 47.3986227], [8.4577011, 47.3986365]]]}}"
FeatureCollection,"{'type': 'Feature', 'id': 'way/107615187', 'properties': {'addr:city': 'Zürich', 'addr:housenumber': '315', 'addr:postcode': '8038', 'addr:street': 'Seestrasse', 'amenity': 'clinic', 'building': 'yes', 'healthcare': 'clinic', 'name': 'Ortho Clinic Zürich - Klinik Im Park', 'operator': 'Privatklinikgruppe Hirslanden', 'operator:type': 'private', 'id': 'way/107615187'}, 'geometry': {'type': 'Polygon', 'coordinates': [[[8.5327344, 47.3483629], [8.5328096, 47.3480541], [8.5329505, 47.3480645], [8.5328805, 47.3483288], [8.5328475, 47.3483273], [8.5328688, 47.3483397], [8.5328754, 47.3483486], [8.5328702, 47.3483635], [8.5328563, 47.3483714], [8.5328343, 47.3483763], [8.5327344, 47.3483629]]]}}"
FeatureCollection,"{'type': 'Feature', 'id': 'way/165785776', 'properties': {'addr:city': 'Winterthur', 'addr:housenumber': '15', 'addr:postcode': '8401', 'addr:street': 'Brauerstrasse', 'amenity': 'hospital', 'contact:phone': '+41 52 266 21 21', 'emergency': 'yes', 'healthcare': 'hospital', 'healthcare:speciality': 'intensive', 'name': 'Kantonsspital Winterthur', 'short_name': 'KSW', 'toilets:wheelchair': 'yes', 'website': 'https://www.ksw.ch/', 'wheelchair': 'yes', 'wikidata': 'Q1728154', 'id': 'way/165785776'}, 'geometry': {'type': 'Polygon', 'coordinates': [[[8.728763, 47.5055039], [8.7293862, 47.5057446], [8.7298352, 47.505918], [8.730011, 47.5059991], [8.7300928, 47.5060488], [8.7301478, 47.506081], [8.730209, 47.5061334], [8.7302608, 47.5062352], [8.7305761, 47.5068017], [8.7306408, 47.5069181], [8.7306885, 47.5070037], [8.7305612, 47.5070445], [8.7304985, 47.5070649], [8.7294886, 47.507381], [8.7294653, 47.5073882], [8.7294011, 47.5074081], [8.7283596, 47.5077311], [8.7267749, 47.5082431], [8.7266353, 47.5082886], [8.7265924, 47.508221], [8.7264068, 47.5079232], [8.7260501, 47.5073328], [8.7260006, 47.5072512], [8.7259645, 47.5072065], [8.7259439, 47.5071672], [8.7260696, 47.5070871], [8.7263282, 47.5069322], [8.7270216, 47.5064826], [8.7271862, 47.5063794], [8.7282668, 47.5056916], [8.7282915, 47.5056761], [8.7283758, 47.5056216], [8.728515, 47.5055316], [8.7286213, 47.5054412], [8.728763, 47.5055039]]]}}"
FeatureCollection,"{'type': 'Feature', 'id': 'way/165847373', 'properties': {'addr:city': 'Winterthur', 'addr:housenumber': '11', 'addr:postcode': '8400', 'addr:street': 'Schickstrasse', 'amenity': 'hospital', 'healthcare': 'hospital', 'name': 'Klinik Lindberg', 'website': 'https://www.lindberg.ch/', 'wheelchair': 'yes', 'id': 'way/165847373'}, 'geometry': {'type': 'Polygon', 'coordinates': [[[8.7290971, 47.5098454], [8.7294537, 47.5097385], [8.7297868, 47.5096345], [8.7298544, 47.5096115], [8.7300648, 47.5099482], [8.7309393, 47.5096823], [8.7311732, 47.5101237], [8.730137299999999, 47.5105271], [8.729856999999999, 47.5106362], [8.7298106, 47.5106543], [8.7295745, 47.5107773], [8.7295502, 47.5107981], [8.7293156, 47.5109941], [8.7288272, 47.51072], [8.728764, 47.5105211], [8.7286416, 47.5102923], [8.7292679, 47.5101221], [8.7290971, 47.5098454]]]}}"
FeatureCollection,"{'type': 'Feature', 'id': 'way/235292955', 'properties': {'addr:city': 'Meilen', 'addr:housenumber': '1', 'addr:postcode': '8706', 'addr:street': 'Hohenegg', 'amenity': 'hospital', 'emergency': 'no', 'healthcare': 'hospital', 'healthcare:speciality': 'psychiatry;psychotherapy', 'name': 'Privatklinik Hohenegg', 'website': 'https://www.hohenegg.ch/', 'wikidata': 'Q18629951', 'id': 'way/235292955'}, 'geometry': {'type': 'Polygon', 'coordinates': [[[8.6584039, 47.2737432], [8.658415, 47.2737287], [8.6585157, 47.2737048], [8.6586164, 47.2736824], [8.6598716, 47.273398], [8.660508, 47.2733005], [8.6608171, 47.2732659], [8.6608596, 47.2732788], [8.6608841, 47.273304], [8.6609083, 47.2736951], [8.6609423, 47.274057], [8.6610119, 47.2741615], [8.6612739, 47.2744557], [8.6609842, 47.2746483], [8.6611319, 47.2747709], [8.6611922, 47.2748617], [8.661225, 47.2749363], [8.6612385, 47.2750258], [8.6612309, 47.275113], [8.6611546, 47.2752739], [8.6610611, 47.2752786], [8.6606496, 47.2753433], [8.6597628, 47.2754578], [8.6597109, 47.2752973], [8.6596056, 47.2750281], [8.6595721, 47.274941], [8.6594084, 47.2744367], [8.6593284, 47.2742199], [8.6592401, 47.2740722], [8.6590927, 47.2739235], [8.6589572, 47.2738379], [8.6588664, 47.2737958], [8.6587414, 47.2737574], [8.6586267, 47.2737411], [8.65851, 47.2737491], [8.65843, 47.273758], [8.6584039, 47.2737432]]]}}"
FeatureCollection,"{'type': 'Feature', 'id': 'way/236595729', 'properties': {'addr:city': 'Männedorf', 'addr:country': 'CH', 'addr:housenumber': '10', 'addr:postcode': '8708', 'addr:street': 'Asylstrasse', 'amenity': 'hospital', 'contact:phone': '+41 44 922 22 11', 'emergency': 'yes', 'healthcare': 'hospital', 'healthcare:speciality': 'intensive', 'name': 'Spital Männedorf', 'website': 'https://www.spitalmaennedorf.ch/', 'wikidata': 'Q55503256', 'wikipedia': 'de:Spital Männedorf', 'id': 'way/236595729'}, 'geometry': {'type': 'Polygon', 'coordinates': [[[8.6934735, 47.2517768], [8.6934332, 47.2517278], [8.6935272, 47.2517012], [8.6936453, 47.2516635], [8.6936972, 47.251644], [8.693917, 47.2515483], [8.6941616, 47.2514288], [8.6944408, 47.2512722], [8.6966602, 47.2499254], [8.6969992, 47.2497004], [8.6972093, 47.2496254], [8.6972298, 47.2496166], [8.697256, 47.2496503], [8.6973123, 47.2497233], [8.6976137, 47.2503254], [8.6982682, 47.2501792], [8.6984896, 47.25058], [8.6981322, 47.25067], [8.6978422, 47.2507615], [8.6975559, 47.2508889], [8.6968596, 47.2512271], [8.6965835, 47.25135], [8.6964676, 47.2514067], [8.6962517, 47.2515123], [8.6962088, 47.2515333], [8.6955695, 47.2518459], [8.6949437, 47.2521402], [8.6947955, 47.2520669], [8.6946811, 47.2520044], [8.6946358, 47.2519848], [8.6945868, 47.2519667], [8.6945338, 47.2519512], [8.6944691, 47.251939], [8.6944094, 47.2519301], [8.6943527, 47.2519241], [8.6943021, 47.2519223], [8.6942276, 47.2519243], [8.6941683, 47.2519288], [8.6940947, 47.2519402], [8.6939895, 47.2519643], [8.6938979, 47.2519841], [8.6937795, 47.2519902], [8.6936888, 47.2519656], [8.6936199, 47.2519288], [8.6935584, 47.2518832], [8.693508, 47.2518275], [8.6934735, 47.2517768]]]}}"
FeatureCollection,"{'type': 'Feature', 'id': 'way/244603385', 'properties': {'addr:city': 'Volketswil', 'addr:country': 'CH', 'addr:housenumber': '4', 'addr:postcode': '8604', 'addr:street': 'In der Au', 'amenity': 'clinic', 'building': 'yes', 'healthcare': 'clinic', 'name': 'Spitex', 'id': 'way/244603385'}, 'geometry': {'type': 'Polygon', 'coordinates': [[[8.6886873, 47.390251], [8.6887709, 47.3901913], [8.6889334, 47.3901851], [8.6889429, 47.3903129], [8.688838, 47.3903168], [8.6888361, 47.3902962], [8.6886892, 47.3902987], [8.6886873, 47.390251]]]}}"
FeatureCollection,"{'type': 'Feature', 'id': 'way/248637584', 'properties': {'addr:city': 'Winterthur', 'addr:housenumber': '102', 'addr:postcode': '8408', 'addr:street': 'Wieshofstrasse', 'amenity': 'clinic', 'healthcare': 'clinic', 'healthcare:speciality': 'psychiatry', 'name': 'Integrierte Psychiatrie Winterthur, Klinik Schlosstal', 'old_name': 'Klinik Schlosstal', 'operator': 'Integrierte Psychiatrie Winterthur – Zürcher Unterland (ipw)', 'short_name': 'IPW Schlosstal', 'id': 'way/248637584'}, 'geometry': {'type': 'Polygon', 'coordinates': [[[8.685031500000001, 47.5058196], [8.6855938, 47.5060337], [8.6857248, 47.5060852], [8.68589, 47.5061502], [8.6859814, 47.5061861], [8.686039300000001, 47.5062089], [8.6858814, 47.5064107], [8.6855431, 47.5065843], [8.6864077, 47.5075487], [8.6863183, 47.5077815], [8.6855624, 47.5082614], [8.684832, 47.5086189], [8.6839842, 47.5084337], [8.6838682, 47.5078473], [8.6834183, 47.5078666], [8.683406699999999, 47.507306], [8.6834322, 47.5072265], [8.683489699999999, 47.5069763], [8.6835966, 47.5069082], [8.6837552, 47.5068421], [8.6837808, 47.5067829], [8.6838168, 47.5060882], [8.6842711, 47.505958], [8.6848542, 47.5057389], [8.6848577, 47.5057307], [8.6849301, 47.5057845], [8.685031500000001, 47.5058196]]]}}"
FeatureCollection,"{'type': 'Feature', 'id': 'way/263135458', 'properties': {'addr:city': 'Oetwil am See', 'addr:housenumber': '8', 'addr:postcode': '8618', 'addr:street': 'Schlösslistrasse', 'amenity': 'hospital', 'healthcare:speciality': 'psychiatry', 'name': 'Clienia Schlössli', 'operator': 'Clienia', 'website': 'https://www.clienia.ch/', 'id': 'way/263135458'}, 'geometry': {'type': 'Polygon', 'coordinates': [[[8.7186616, 47.2702927], [8.7190141, 47.2700496], [8.7186089, 47.2697785], [8.7183889, 47.2699342], [8.718012, 47.269552], [8.7183711, 47.2692569], [8.7182676, 47.2692434], [8.7180694, 47.269112], [8.718064, 47.2690292], [8.7184579, 47.2686831], [8.7188558, 47.2687581], [8.7189797, 47.2687836], [8.7190081, 47.2687895], [8.7190563, 47.2687781], [8.7195677, 47.2682185], [8.7198303, 47.2680132], [8.7200532, 47.2678849], [8.7201869, 47.2677689], [8.720324399999999, 47.267592], [8.7204634, 47.2674451], [8.7206606, 47.2673122], [8.7209696, 47.2671572], [8.7210708, 47.2670955], [8.7211914, 47.2670107], [8.7212543, 47.2672169], [8.721326, 47.2673276], [8.7213613, 47.2674161], [8.7213978, 47.2674479], [8.7214747, 47.2674092], [8.721563, 47.2673581], [8.7217268, 47.2672568], [8.7219587, 47.2671455], [8.7222411, 47.2674386], [8.7221971, 47.267609], [8.7217679, 47.2675347], [8.7217374, 47.267583], [8.7214321, 47.2681245], [8.7215997, 47.2682435], [8.7217648, 47.2683517], [8.7214999, 47.268512], [8.7213572, 47.2685042], [8.7212166, 47.2684513], [8.7212763, 47.2683541], [8.7212692, 47.2682929], [8.720842, 47.2681325], [8.720396, 47.2688838], [8.72091, 47.269198], [8.7209815, 47.2691269], [8.7212458, 47.2692804], [8.7210295, 47.2694933], [8.7206457, 47.2699187], [8.7203308, 47.2699554], [8.7200189, 47.2700041], [8.7196498, 47.2703735], [8.7194218, 47.2702557], [8.7191323, 47.2705091], [8.7186616, 47.2702927]]]}}"
FeatureCollection,"{'type': 'Feature', 'id': 'way/276591443', 'properties': {'addr:city': 'Zürich', 'addr:housenumber': '38', 'addr:postcode': '8038', 'addr:street': 'Bellariastrasse', 'amenity': 'clinic', 'building': 'yes', 'healthcare': 'clinic', 'name': 'Operationszentrum Bellaria', 'opening_hours': 'Mo-Fr 08:00-17:00', 'opening_hours:signed': 'no', 'operator': 'Hirslanden Gruppe', 'phone': '+41 44 209 25 25', 'source': 'Stadt Zürich Open Government Data;Geomatik + Vermessung;Tiefbau- und Entsorgungsdepartement', 'website': 'https://www.hirslanden.ch/de/klinik-im-park/centers/operationszentrum-bellaria.html', 'id': 'way/276591443'}, 'geometry': {'type': 'Polygon', 'coordinates': [[[8.5301771, 47.3518259], [8.5301901, 47.3518259], [8.5301899, 47.3518543], [8.5301769, 47.3518543], [8.5301764, 47.3519183], [8.5296753, 47.3519164], [8.5296764, 47.3517873], [8.5299125, 47.3517882], [8.5299141, 47.3516008], [8.530179, 47.3516018], [8.5301771, 47.3518259]]]}}"
FeatureCollection,"{'type': 'Feature', 'id': 'way/282752285', 'properties': {'addr:city': 'Ellikon an der Thur', 'addr:housenumber': '5', 'addr:postcode': '8548', 'addr:street': 'Islikonerstrasse', 'amenity': 'clinic', 'healthcare': 'clinic', 'name': 'Forel-Klinik', 'social_facility': 'group_home', 'social_facility:for': 'drug_addicted', 'website': 'https://www.forel-klinik.ch/', 'wikidata': 'Q33121351', 'id': 'way/282752285'}, 'geometry': {'type': 'Polygon', 'coordinates': [[[8.8248276, 47.5608475], [8.8251085, 47.5603851], [8.8252161, 47.5602101], [8.8256249, 47.5595543], [8.8259853, 47.559673599999996], [8.8261196, 47.5597218], [8.8262381, 47.5597617], [8.8262711, 47.5597728], [8.8271376, 47.5600765], [8.8272848, 47.560126], [8.8271765, 47.5602988], [8.827104, 47.5604146], [8.8270568, 47.5604899], [8.8269355, 47.5606834], [8.8268854, 47.5607635], [8.826820099999999, 47.5607554], [8.8264589, 47.5606747], [8.826293, 47.5606052], [8.8261163, 47.5605715], [8.8255899, 47.5609952], [8.825372, 47.5610191], [8.8248976, 47.5608696], [8.8248276, 47.5608475]]]}}"
FeatureCollection,"{'type': 'Feature', 'id': 'way/287446153', 'properties': {'addr:city': 'Rheinau', 'addr:country': 'CH', 'addr:housenumber': '57', 'addr:postcode': '8462', 'addr:street': 'Alleestrasse', 'amenity': 'hospital', 'emergency': 'no', 'healthcare': 'hospital', 'name': 'Zentrum für Stationäre Forensische Therapie und Zentrum für Integrative Psychiatrie', 'operator': 'Psychiatrische Universitätsklinik Zürich', 'phone': '+41 52 304 91 11', 'website': 'https://www.pukzh.ch/standorte/?locationId=07956ecd-155d-0010-0152-012983939def', 'wikipedia': 'de:Rheinau ZH', 'id': 'way/287446153'}, 'geometry': {'type': 'Polygon', 'coordinates': [[[8.6031579, 47.6358409], [8.6034034, 47.6354005], [8.6041663, 47.6341812], [8.6043686, 47.6338806], [8.6044682, 47.6337621], [8.6045942, 47.6336649], [8.6047269, 47.6335844], [8.6048645, 47.6335229], [8.6050271, 47.6334715], [8.6058829, 47.6332491], [8.6069062, 47.6329853], [8.6073872, 47.6329406], [8.6098303, 47.6329943], [8.6108138, 47.6334939], [8.612616599999999, 47.6340974], [8.6119549, 47.6343299], [8.6112865, 47.6345746], [8.6109498, 47.6350351], [8.6111571, 47.6351826], [8.6113379, 47.635329], [8.6114673, 47.6354754], [8.6115668, 47.6356375], [8.6116646, 47.6357817], [8.6114905, 47.6358465], [8.6109067, 47.6359024], [8.6103212, 47.6359526], [8.6099878, 47.6359593], [8.6096627, 47.6359459], [8.6088633, 47.6358956], [8.6080307, 47.6358465], [8.607501599999999, 47.6358252], [8.6071036, 47.6358509], [8.6070671, 47.6358375], [8.6068017, 47.635823], [8.6064518, 47.6358543], [8.6063208, 47.6358878], [8.6061367, 47.6359348], [8.6057021, 47.6360063], [8.6050951, 47.636137], [8.6046174, 47.6362667], [8.6042177, 47.6364075], [8.6038877, 47.6365461], [8.603463099999999, 47.6367595], [8.6031778, 47.6368959], [8.6031695, 47.6368601], [8.603106499999999, 47.6367595], [8.6030236, 47.636564], [8.6029937, 47.6363561], [8.602997, 47.6361918], [8.6030252, 47.6360599], [8.6031579, 47.6358409]]]}}"
FeatureCollection,"{'type': 'Feature', 'id': 'way/291081248', 'properties': {'addr:city': 'Grüningen', 'addr:country': 'CH', 'addr:housenumber': '1', 'addr:postcode': '8627', 'addr:street': 'Gerbistrasse', 'amenity': 'clinic', 'building': 'yes', 'name': 'Klinik Sonnhalden Psychiatrie', 'operator': 'di Gallo Gruppe', 'id': 'way/291081248'}, 'geometry': {'type': 'Polygon', 'coordinates': [[[8.7606782, 47.280536], [8.7607421, 47.2806072], [8.7608696, 47.2807494], [8.7607592, 47.280795], [8.7607457, 47.2807799], [8.7606486, 47.2808199], [8.760541, 47.2807], [8.7603783, 47.2807671], [8.760312, 47.2806932], [8.7603808, 47.2806648], [8.760353, 47.2806339], [8.7606202, 47.2805236], [8.7605628, 47.2804596], [8.7606003, 47.2804442], [8.7605795, 47.280421], [8.7607633, 47.2803452], [8.7607848, 47.2803691], [8.7608211, 47.2803542], [8.7609015, 47.2804439], [8.7606782, 47.280536]]]}}"
FeatureCollection,"{'type': 'Feature', 'id': 'way/317763534', 'properties': {'addr:city': 'Horgen', 'addr:housenumber': '19', 'addr:postcode': '8810', 'addr:street': 'Asylstrasse', 'amenity': 'hospital', 'emergency': 'yes', 'healthcare': 'hospital', 'name': 'See-Spital Horgen', 'website': 'https://www.see-spital.ch/', 'id': 'way/317763534'}, 'geometry': {'type': 'Polygon', 'coordinates': [[[8.5883689, 47.2628756], [8.5882608, 47.2627399], [8.5882633, 47.262715], [8.5884917, 47.2625341], [8.5888097, 47.2622267], [8.589131, 47.2619169], [8.5893428, 47.2617073], [8.5895933, 47.2618217], [8.59026, 47.2622662], [8.5903652, 47.26239], [8.590418, 47.2623694], [8.5906822, 47.262542], [8.5906851, 47.262712], [8.5909306, 47.2628899], [8.5908309, 47.262963], [8.5905804, 47.2631588], [8.5903476, 47.26336], [8.5900717, 47.2636149], [8.5899929, 47.263666], [8.5898858, 47.2636982], [8.589735600000001, 47.2637231], [8.5896632, 47.2637281], [8.5895984, 47.2637163], [8.5895131, 47.2636601], [8.5892435, 47.2634785], [8.5891926, 47.2634434], [8.5891081, 47.2633852], [8.5889413, 47.2632536], [8.5889143, 47.2632398], [8.5888791, 47.2630655], [8.5888448, 47.2630329], [8.5888302, 47.2629991], [8.5887627, 47.2629517], [8.5886629, 47.2629377], [8.588571, 47.2629709], [8.5883689, 47.2628756]]]}}"
FeatureCollection,"{'type': 'Feature', 'id': 'way/339025313', 'properties': {'addr:housenumber': '8', 'addr:street': 'Militärstrasse', 'alt_name': 'Kriesnintervention Zürich', 'amenity': 'clinic', 'building': 'yes', 'email': 'tagesklinik.militaerstrasse@puk.zh.ch', 'name': 'KIZ Tagesklinik Militärstrasse', 'operator': 'Psychiatrische Universitätsklinik Zürich', 'phone': '+41 44 296 74 81', 'website': 'https://www.pukzh.ch/unterlagen/behandlungsangebote/tagesklinik-militaerstrasse/', 'id': 'way/339025313'}, 'geometry': {'type': 'Polygon', 'coordinates': [[[8.5335031, 47.376333], [8.533370099999999, 47.376249], [8.533483499999999, 47.3761633], [8.5336146, 47.3762644], [8.5335031, 47.376333]]]}}"
FeatureCollection,"{'type': 'Feature', 'id': 'way/379516639', 'properties': {'addr:housenumber': '323a', 'addr:street': 'Seestrasse', 'building': 'office', 'building:levels': '2', 'healthcare': 'clinic', 'healthcare:speciality': 'radiology', 'name': 'Bilddiagnostik Wollishofen USZ', 'roof:levels': '0', 'id': 'way/379516639'}, 'geometry': {'type': 'Polygon', 'coordinates': [[[8.5330042, 47.3479056], [8.5330389, 47.3477597], [8.5331416, 47.3477689], [8.5331128, 47.3479154], [8.5330042, 47.3479056]]]}}"
FeatureCollection,"{'type': 'Feature', 'id': 'way/381445138', 'properties': {'addr:city': 'Winterthur', 'addr:housenumber': '5', 'addr:postcode': '8400', 'addr:street': 'Bahnhofplatz', 'amenity': 'doctors', 'contact:email': 'permanence-winterthur@hin.ch', 'contact:fax': '+41 52 267 01 00', 'contact:phone': '+41 52 267 01 01', 'contact:website': 'http://www.permanence-winterthur.ch', 'healthcare': 'clinic', 'indoor': 'yes', 'level': '2', 'name': 'Permanence Hauptbahnhof', 'opening_hours': '07:00-22:00', 'id': 'way/381445138'}, 'geometry': {'type': 'Polygon', 'coordinates': [[[8.7232657, 47.4996361], [8.7232367, 47.4996013], [8.723206, 47.4995645], [8.7231443, 47.4994874], [8.7231166, 47.4994566], [8.7230638, 47.4993926], [8.7230333, 47.4993551], [8.7231534, 47.4993124], [8.7231901, 47.4993113], [8.7233387, 47.4993097], [8.7233783, 47.4993625], [8.723196399999999, 47.4994261], [8.7232247, 47.4994581], [8.7232861, 47.4995349], [8.723344, 47.4996063], [8.7233203, 47.4996153], [8.7232915, 47.4995795], [8.7232672, 47.4995896], [8.7232957, 47.4996249], [8.7232657, 47.4996361]]]}}"
FeatureCollection,"{'type': 'Feature', 'id': 'way/527550642', 'properties': {'addr:city': 'Uster', 'addr:housenumber': '42', 'addr:postcode': '8610', 'addr:street': 'Brunnenstrasse', 'amenity': 'hospital', 'emergency': 'yes', 'healthcare': 'hospital', 'healthcare:speciality': 'intensive', 'name': 'Spital Uster', 'phone': '+41 44 911 11 11', 'website': 'https://www.spitaluster.ch', 'wikidata': 'Q30270431', 'id': 'way/527550642'}, 'geometry': {'type': 'Polygon', 'coordinates': [[[8.7228468, 47.3527845], [8.7228268, 47.3527349], [8.7230361, 47.3526921], [8.722949, 47.3525018], [8.7236494, 47.3520862], [8.7237844, 47.3521451], [8.7241615, 47.3518128], [8.7248816, 47.352144], [8.7247917, 47.3522259], [8.7248837, 47.3522801], [8.7250414, 47.3523659], [8.7251188, 47.352323], [8.7254354, 47.3525188], [8.7251674, 47.3527385], [8.7251989, 47.3527694], [8.7250883, 47.3528638], [8.7250621, 47.3528962], [8.7251114, 47.3529213], [8.725079, 47.3529567], [8.7250944, 47.3530027], [8.7253532, 47.3531999], [8.7252593, 47.3532761], [8.7250729, 47.3533909], [8.7249126, 47.3534817], [8.724586, 47.3536602], [8.7241624, 47.3538866], [8.7238682, 47.3540359], [8.7234599, 47.3536497], [8.7233998, 47.3536038], [8.7233059, 47.3535475], [8.7232442, 47.3534953], [8.7230964, 47.3533001], [8.7230301, 47.3531895], [8.7228468, 47.3527845]]]}}"
FeatureCollection,"{'type': 'Feature', 'id': 'way/533583557', 'properties': {'addr:city': 'Zürich', 'addr:housenumber': '18', 'addr:postcode': '8037', 'addr:street': 'Emil-Klöti-Strasse', 'amenity': 'clinic', 'description': 'Ursprünglich Schule für Berufe im Gesundheitswesen; ab 2019 neuer Standort der Suchtbehandlung Frankental', 'healthcare': 'clinic', 'name': 'Suchtfachklinik Zürich', 'old_name': 'Suchtbehandlung Frankental', 'operator': 'Stadt Zürich, GUD', 'start_date': '2019-10-15', 'website': 'https://www.stadt-zuerich.ch/suchtfachklinik', 'id': 'way/533583557'}, 'geometry': {'type': 'Polygon', 'coordinates': [[[8.5190366, 47.3999458], [8.5190365, 47.3999722], [8.5190774, 47.4000165], [8.5190529, 47.4000806], [8.5189875, 47.4001491], [8.5188846, 47.4002232], [8.5187784, 47.4002719], [8.5186347, 47.4003084], [8.5185056, 47.4003073], [8.5182001, 47.4002863], [8.5179437, 47.4002343], [8.5177787, 47.4001923], [8.5175598, 47.4001248], [8.5176464, 47.3998816], [8.5177436, 47.3998893], [8.5177629, 47.399789], [8.5178379, 47.3997975], [8.5181912, 47.3998307], [8.5184092, 47.39985], [8.518407, 47.3998768], [8.5190366, 47.3999458]]]}}"
FeatureCollection,"{'type': 'Feature', 'id': 'way/555945140', 'properties': {'addr:city': 'Zürich', 'addr:country': 'CH', 'addr:housenumber': '497', 'addr:postcode': '8063', 'addr:street': 'Birmensdorferstrasse', 'amenity': 'hospital', 'emergency': 'yes', 'healthcare': 'hospital', 'healthcare:speciality': 'intensive', 'name': 'Stadtspital Triemli', 'operator': 'Stadt Zürich, GUD', 'phone': '+41 44 416 11 11', 'website': 'http://www.triemli.ch/', 'wikidata': 'Q1535635', 'wikipedia': 'de:Stadtspital Triemli', 'id': 'way/555945140'}, 'geometry': {'type': 'Polygon', 'coordinates': [[[8.4943581, 47.3654708], [8.4942716, 47.3650863], [8.4944993, 47.3650563], [8.4947121, 47.3650492], [8.494897, 47.3650418], [8.495076, 47.3650283], [8.4951277, 47.3650243], [8.495622, 47.3650175], [8.4961311, 47.3650189], [8.4963648, 47.3650923], [8.4965418, 47.3651021], [8.4966104, 47.365097], [8.4966934, 47.365091], [8.4967363, 47.3650886], [8.4969082, 47.3650792], [8.4972368, 47.3650411], [8.4980451, 47.3650477], [8.4983438, 47.3650747], [8.4985589, 47.365098], [8.4991823, 47.3651071], [8.4995587, 47.3651017], [8.5000539, 47.3650923], [8.5004272, 47.3651043], [8.5006373, 47.3651898], [8.5006309, 47.3652463], [8.5005329, 47.3653379], [8.4995836, 47.3668663], [8.4993143, 47.3673007], [8.4991002, 47.3674708], [8.4985864, 47.3677756], [8.4982191, 47.3678995], [8.4979245, 47.367933], [8.4976593, 47.3679357], [8.4969217, 47.3678112], [8.4965753, 47.3677339], [8.4961662, 47.367611], [8.4960336, 47.3675688], [8.495698, 47.3674216], [8.4955991, 47.3673849], [8.4954947, 47.3673411], [8.4954231, 47.3673034], [8.4953147, 47.3672388], [8.4952143, 47.3671633], [8.4951228, 47.3670798], [8.4950661, 47.3670064], [8.4950114, 47.3669263], [8.4947897, 47.3665579], [8.4946831, 47.3663363], [8.4946644, 47.3662954], [8.4945739, 47.3661139], [8.4944572, 47.3658591], [8.4944474, 47.3658403], [8.4943116, 47.3655534], [8.4943581, 47.3654708]]]}}"
FeatureCollection,"{'type': 'Feature', 'id': 'way/558245721', 'properties': {'addr:city': 'Zürich', 'addr:housenumber': '51', 'addr:postcode': '8044', 'addr:street': 'Toblerstrasse', 'amenity': 'hospital', 'email': 'info@klinikbethanien.ch', 'emergency': 'no', 'name': 'Klinik Bethanien', 'operator': 'Swiss Medical Network', 'phone': '+41 43 268 70 70', 'toilets:wheelchair': 'yes', 'website': 'https://www.klinikbethanien.ch/', 'wheelchair': 'yes', 'id': 'way/558245721'}, 'geometry': {'type': 'Polygon', 'coordinates': [[[8.5565516, 47.3808027], [8.5583112, 47.379835], [8.5584519, 47.3798568], [8.5584738, 47.3798995], [8.5584887, 47.3799457], [8.558494, 47.3800002], [8.5584881, 47.3800534], [8.5584374, 47.3801391], [8.55828, 47.3804198], [8.5580377, 47.3808559], [8.5577536, 47.3813765], [8.5574986, 47.3818099], [8.5573592, 47.3817399], [8.557197, 47.3816227], [8.5571007, 47.3814917], [8.5569589, 47.3814158], [8.5568234, 47.3813729], [8.5567255, 47.3810992], [8.556659, 47.3810126], [8.5565305, 47.3808786], [8.5565516, 47.3808027]]]}}"
FeatureCollection,"{'type': 'Feature', 'id': 'way/597392026', 'properties': {'addr:city': 'Zürich', 'addr:country': 'CH', 'addr:housenumber': '60', 'addr:postcode': '8008', 'addr:street': 'Bleulerstrasse', 'amenity': 'clinic', 'healthcare': 'clinic;rehabilitation', 'healthcare:speciality': 'neurology', 'name': 'Schweizerisches Epilepsie-Zentrum', 'operator': 'Schweizerische Epilepsie-Stiftung', 'phone': '+41 44 387 61 11', 'short_name': 'SEZ', 'website': 'https://www.swissepi.ch/', 'wheelchair': 'yes', 'wikidata': 'Q1651337', 'wikipedia': 'de:Schweizerische Epilepsie-Stiftung', 'id': 'way/597392026'}, 'geometry': {'type': 'Polygon', 'coordinates': [[[8.5674986, 47.3499123], [8.5668714, 47.3497282], [8.566446299999999, 47.3495464], [8.5676415, 47.3480613], [8.5679029, 47.3477155], [8.5681085, 47.3474628], [8.5682635, 47.347294], [8.5684159, 47.3471347], [8.5684365, 47.3471127], [8.5686189, 47.3469151], [8.5689454, 47.3465739], [8.5692322, 47.3462741], [8.5694256, 47.3463095], [8.5697706, 47.3463402], [8.5704362, 47.3463461], [8.5706296, 47.3464623], [8.5715354, 47.3465356], [8.5716538, 47.3466762], [8.571705099999999, 47.3467182], [8.5717289, 47.3467448], [8.5717349, 47.3467755], [8.5717253, 47.3468062], [8.571705099999999, 47.3468312], [8.5716565, 47.3468742], [8.5715226, 47.3470586], [8.5715194, 47.3470732], [8.5713942, 47.3473848], [8.5710559, 47.3480898], [8.5707836, 47.3485712], [8.5706923, 47.3485996], [8.5704123, 47.3490303], [8.5702152, 47.3493167], [8.5698888, 47.349749], [8.5694258, 47.3502981], [8.5690765, 47.3506895], [8.5687464, 47.3505808], [8.5686043, 47.3505416], [8.5682852, 47.3504739], [8.5679918, 47.3503975], [8.567719499999999, 47.3503112], [8.5677287, 47.3502758], [8.5680191, 47.3498914], [8.5679127, 47.3498567], [8.5678057, 47.3499844], [8.5674986, 47.3499123]]]}}"
FeatureCollection,"{'type': 'Feature', 'id': 'way/597392035', 'properties': {'addr:city': 'Zürich', 'addr:country': 'CH', 'addr:housenumber': '220', 'addr:postcode': '8027', 'addr:street': 'Seestrasse', 'amenity': 'clinic', 'healthcare': 'clinic', 'healthcare:speciality': 'emergency;cardiology;surgery;intensive', 'name': 'Hirslanden Klinik Im Park', 'operator': 'Mediclinic International;Hirslanden AG', 'phone': '+41 44 209 21 11', 'short_name': 'Klinik im Park', 'website': 'https://www.hirslanden.ch/impark', 'wikidata': 'Q23784014', 'id': 'way/597392035'}, 'geometry': {'type': 'Polygon', 'coordinates': [[[8.5314459, 47.3531329], [8.5312844, 47.3528628], [8.5309469, 47.3523302], [8.5318951, 47.3521868], [8.5319858, 47.3530697], [8.5315991, 47.3530879], [8.5314459, 47.3531329]]]}}"
FeatureCollection,"{'type': 'Feature', 'id': 'way/609537142', 'properties': {'addr:city': 'Zürich', 'addr:housenumber': '99', 'addr:postcode': '8037', 'addr:street': 'Tièchestrasse', 'amenity': 'hospital', 'healthcare': 'hospital', 'healthcare:speciality': 'intensive', 'name': 'Stadtspital Waid', 'operator': 'Stadt Zürich, GUD', 'phone': '+41 44 366 22 11', 'website': 'http://www.waidspital.ch/', 'wikidata': 'Q1519815', 'id': 'way/609537142'}, 'geometry': {'type': 'Polygon', 'coordinates': [[[8.5195097, 47.3994453], [8.5194376, 47.3994187], [8.5193943, 47.3993929], [8.5193392, 47.3993388], [8.5192867, 47.3992775], [8.5192434, 47.3992513], [8.5183083, 47.3988998], [8.5184513, 47.3986727], [8.5182506, 47.3986152], [8.5183027, 47.39853], [8.5182713, 47.3985173], [8.5182522, 47.398502], [8.518230299999999, 47.3984816], [8.5182171, 47.3984572], [8.5182099, 47.398427], [8.518225, 47.3983853], [8.5183542, 47.3982059], [8.5184795, 47.3980861], [8.5186001, 47.3980151], [8.5187667, 47.3979383], [8.5189615, 47.3978659], [8.5193294, 47.3977434], [8.5195366, 47.3976781], [8.5198514, 47.3975871], [8.5201707, 47.3975099], [8.5206684, 47.3974046], [8.5208031, 47.3976798], [8.5219557, 47.3974312], [8.52194, 47.3973066], [8.5226448, 47.3972368], [8.5224837, 47.3980133], [8.522155099999999, 47.3986334], [8.5221696, 47.3989539], [8.5216384, 47.3990019], [8.5213275, 47.3989402], [8.5212174, 47.3991585], [8.5211931, 47.3992251], [8.5211478, 47.3993086], [8.5210993, 47.3993499], [8.5210344, 47.3993845], [8.5208357, 47.3994484], [8.5205589, 47.3995274], [8.5203563, 47.399574], [8.5195097, 47.3994453]]]}}"
FeatureCollection,"{'type': 'Feature', 'id': 'way/612288154', 'properties': {'addr:city': 'Zürich', 'addr:country': 'CH', 'addr:housenumber': '100', 'addr:postcode': '8091', 'addr:street': 'Rämistrasse', 'amenity': 'hospital', 'emergency': 'yes', 'healthcare': 'hospital', 'healthcare:speciality': 'intensive', 'int_ref': 'USZ', 'name': 'Universitätsspital Zürich', 'phone': '+41 44 255 11 11', 'short_name': 'USZ', 'website': 'http://www.usz.ch', 'wikidata': 'Q450139', 'id': 'way/612288154'}, 'geometry': {'type': 'Polygon', 'coordinates': [[[8.5515663, 47.3773932], [8.5516576, 47.377459], [8.5516894, 47.3774824], [8.5517138, 47.3775004], [8.5517696, 47.3775377], [8.5518415, 47.3775672], [8.5518271, 47.3775844], [8.5518372, 47.3776148], [8.5518985, 47.377661], [8.5525245, 47.3781413], [8.5524541, 47.3781851], [8.5524192, 47.3781888], [8.5523763, 47.3781997], [8.5523576, 47.3782342], [8.5523522, 47.3782596], [8.552196200000001, 47.3783696], [8.5520533, 47.3784696], [8.5519105, 47.3785686], [8.5518868, 47.3785811], [8.5518546, 47.3786047], [8.5518226, 47.37863], [8.5518626, 47.3786533], [8.5518782, 47.3786662], [8.5518847, 47.3786784], [8.5518872, 47.3786913], [8.5518889, 47.3787069], [8.5518667, 47.3787219], [8.551866799999999, 47.3787217], [8.5516235, 47.3788824], [8.5514397, 47.3790221], [8.5511266, 47.3792602], [8.5511264, 47.3792604], [8.5508193, 47.3795311], [8.550540999999999, 47.3793869], [8.5505408, 47.3793871], [8.5502172, 47.3796337], [8.5499191, 47.3799363], [8.5493937, 47.3805645], [8.549076, 47.3804662], [8.548944, 47.3806471], [8.5486776, 47.3805626], [8.5484308, 47.3804663], [8.5484576, 47.3804373], [8.5482779, 47.3803655], [8.5482779, 47.3801163], [8.5483034, 47.3801154], [8.5483329, 47.3800477], [8.5483564, 47.3800423], [8.5483892, 47.3800391], [8.5484214, 47.3800377], [8.5484348, 47.3800418], [8.5484489, 47.3800441], [8.5484603, 47.38005], [8.548467, 47.3800445], [8.5484771, 47.38004], [8.5485984, 47.3800404], [8.5486212, 47.3800214], [8.5486454, 47.3800059], [8.548669499999999, 47.3799978], [8.5487111, 47.3799687], [8.5487594, 47.379926], [8.5488452, 47.3798434], [8.548972599999999, 47.379709], [8.5490665, 47.3795991], [8.549116099999999, 47.3795255], [8.5491376, 47.3794674], [8.5491483, 47.3794583], [8.549151, 47.3794193], [8.5491765, 47.3794175], [8.5491765, 47.3793875], [8.5491537, 47.3793857], [8.5491577, 47.3793117], [8.5491604, 47.3792513], [8.5491711, 47.3791895], [8.5491899, 47.3791414], [8.549216, 47.3790983], [8.5492569, 47.3790479], [8.5493166, 47.3789947], [8.549501, 47.3788376], [8.5496975, 47.3786778], [8.5499234, 47.378488], [8.5500133, 47.3784117], [8.5500911, 47.3783386], [8.5501293, 47.3783014], [8.550199, 47.3782233], [8.5502313, 47.3782229], [8.5502654, 47.3782083], [8.550317, 47.3782391], [8.5505913, 47.3783926], [8.5509585, 47.3781146], [8.5510007, 47.3780914], [8.5510078, 47.3780421], [8.5510071, 47.378003], [8.5509997, 47.3779626], [8.550981, 47.3779177], [8.5509534, 47.3778809], [8.5509259, 47.3778518], [8.550875, 47.3778092], [8.5509051, 47.3776997], [8.5508636, 47.3776761], [8.5507502, 47.3776162], [8.5506396, 47.3775649], [8.5505417, 47.3775258], [8.5504733, 47.3774995], [8.5503982, 47.377475], [8.5500978, 47.3773851], [8.5498162, 47.3772924], [8.5494782, 47.3771762], [8.549336, 47.3771272], [8.5491993, 47.3770763], [8.5490906, 47.3770309], [8.5490061, 47.3769964], [8.5489056, 47.3769501], [8.5488264, 47.3769137], [8.5487808, 47.3768901], [8.5487553, 47.3768683], [8.5487513, 47.3768447], [8.5487755, 47.376783], [8.5488962, 47.3765214], [8.5490155, 47.376268], [8.5491148, 47.3760492], [8.5491577, 47.3759565], [8.549269, 47.3757615], [8.5492921, 47.3757663], [8.5493089, 47.375734], [8.5492894, 47.3757265], [8.5492998, 47.3757013], [8.5493267, 47.3756586], [8.5493521, 47.3756359], [8.5494058, 47.3755987], [8.5494554, 47.3755624], [8.5494219, 47.3755351], [8.5493991, 47.3755106], [8.549387, 47.3754861], [8.5493857, 47.375457], [8.549399, 47.3753984], [8.5501964, 47.3751846], [8.550297, 47.3749634], [8.5496942, 47.3748422], [8.5497397, 47.3748077], [8.5498068, 47.3747786], [8.549876, 47.3747661], [8.5499667, 47.3747655], [8.5501005, 47.3747704], [8.551236, 47.3748316], [8.5516977, 47.3748722], [8.5518976, 47.3748903], [8.5520507, 47.3749065], [8.5521457, 47.3749276], [8.5522583, 47.3749593], [8.55232, 47.374982], [8.5524018, 47.3750184], [8.552442, 47.3750365], [8.5524836, 47.375062], [8.552514500000001, 47.375081], [8.5525641, 47.3751146], [8.552599, 47.3751446], [8.5526285, 47.37517], [8.5526767, 47.3752155], [8.5526982, 47.3752436], [8.5528792, 47.3754688], [8.5530469, 47.3756768], [8.5532252, 47.3759066], [8.5532467, 47.375942], [8.5532548, 47.3759811], [8.5532574, 47.3760301], [8.5532494, 47.3760719], [8.5532293, 47.3761136], [8.5531931, 47.3761618], [8.5531528, 47.3762008], [8.5531045, 47.3762499], [8.5529007, 47.3764696], [8.5528578, 47.3765096], [8.5527518, 47.3766231], [8.5525681, 47.3768166], [8.552491700000001, 47.3768974], [8.5524501, 47.3769319], [8.5524099, 47.3769601], [8.5523254, 47.3770046], [8.5521349, 47.3770981], [8.5518385, 47.3772425], [8.5515998, 47.3773714], [8.5515663, 47.3773932]]]}}"
FeatureCollection,"{'type': 'Feature', 'id': 'way/651732956', 'properties': {'addr:city': 'Affoltern am Albis', 'addr:country': 'CH', 'addr:housenumber': '104', 'addr:postcode': '8910', 'addr:street': 'Mühlebergstrasse', 'amenity': 'hospital', 'email': 'rehab@kispi.uzh.ch', 'fax': '+41 44 762 51 22', 'healthcare': 'rehabilitation', 'loc_name': 'Rehabilitationszentrum des Kinderspitals Zürich', 'name': 'Kinder-Reha Schweiz', 'operator': 'Kinderspital Zürich - Eleonorenstiftung', 'phone': '+41 44 762 51 11', 'website': 'https://www.kispi.uzh.ch/rza/de/Seiten/default.aspx', 'id': 'way/651732956'}, 'geometry': {'type': 'Polygon', 'coordinates': [[[8.4655167, 47.2773907], [8.4661107, 47.2770199], [8.4662689, 47.2769419], [8.4663361, 47.2769299], [8.4666234, 47.2768452], [8.4668273, 47.2766832], [8.4669382, 47.276589799999996], [8.4675944, 47.2768506], [8.4680621, 47.2769768], [8.468222, 47.2770417], [8.4683611, 47.2772455], [8.4684098, 47.2775567], [8.4679887, 47.2775876], [8.4676829, 47.2776404], [8.4673154, 47.2777296], [8.4670058, 47.277861], [8.4665295, 47.2780753], [8.4653521, 47.2775894], [8.4655167, 47.2773907]]]}}"
FeatureCollection,"{'type': 'Feature', 'id': 'way/671785658', 'properties': {'addr:city': 'Zürich', 'addr:country': 'CH', 'addr:housenumber': '31', 'addr:postcode': '8008', 'addr:street': 'Lenggstrasse', 'amenity': 'clinic', 'healthcare': 'clinic', 'healthcare:speciality': 'psychiatry', 'loc_name': 'Burghölzli', 'name': 'Psychiatrische Universitätsklinik Zürich', 'operator': 'Psychiatrische Universitätsklinik Zürich', 'phone': '+41 44 384 21 11', 'short_name': 'PUK', 'website': 'https://www.pukzh.ch/', 'wheelchair': 'limited', 'wikidata': 'Q577131', 'id': 'way/671785658'}, 'geometry': {'type': 'Polygon', 'coordinates': [[[8.5688826, 47.3524477], [8.5693181, 47.3521165], [8.5694929, 47.3520498], [8.569698, 47.3521434], [8.5718357, 47.3523686], [8.5719329, 47.352401], [8.5719898, 47.3524333], [8.5720135, 47.3524671], [8.5720182, 47.3525076], [8.5721431, 47.3527229], [8.5719033, 47.3538545], [8.5719028, 47.3539023], [8.5719409, 47.3540534], [8.5709932, 47.3539328], [8.5708807, 47.353949], [8.5707903, 47.3540023], [8.5706906, 47.354312], [8.5705039, 47.3543175], [8.5704361, 47.3546265], [8.570355, 47.3546173], [8.5701311, 47.3547135], [8.5699766, 47.3547523], [8.5698437, 47.3547578], [8.5694401, 47.3547233], [8.569387, 47.3549307], [8.5685433, 47.3548507], [8.568512, 47.3547717], [8.5684444, 47.3544804], [8.5684415, 47.3543906], [8.5686238, 47.353617], [8.5688826, 47.3524477]]]}}"
FeatureCollection,"{'type': 'Feature', 'id': 'way/671786199', 'properties': {'addr:city': 'Zürich', 'addr:country': 'CH', 'addr:housenumber': '40', 'addr:postcode': '8008', 'addr:street': 'Witellikerstrasse', 'alt_name': 'Spital Hirslanden', 'amenity': 'clinic', 'emergency': 'yes', 'healthcare': 'clinic', 'healthcare:speciality': 'intensive', 'name': 'Klinik Hirslanden', 'operator': 'Mediclinic International;Hirslanden AG', 'phone': '+41 44 387 21 11', 'website': 'https://www.hirslanden.ch/klinikhirslanden', 'wikidata': 'Q23783912', 'id': 'way/671786199'}, 'geometry': {'type': 'Polygon', 'coordinates': [[[8.5771894, 47.3503161], [8.5768247, 47.3510239], [8.576615499999999, 47.3514837], [8.5764532, 47.3518462], [8.5751013, 47.3515609], [8.5753642, 47.3509858], [8.5755332, 47.3507286], [8.575851, 47.3503216], [8.5759259, 47.3501714], [8.5762885, 47.350252], [8.5764022, 47.350278], [8.5764599, 47.3501453], [8.5771894, 47.3503161]]]}}"
FeatureCollection,"{'type': 'Feature', 'id': 'way/671786482', 'properties': {'addr:city': 'Zürich', 'addr:housenumber': '340', 'addr:postcode': '8008', 'addr:street': 'Forchstrasse', 'alt_name': 'Spital Balgrist', 'amenity': 'clinic', 'healthcare': 'clinic', 'healthcare:speciality': 'orthopaedics;rheumatology', 'name': 'Universitätsklinik Balgrist', 'operator': 'Schweizerischer Verein Balgrist', 'short_name': 'Balgrist', 'source:history': 'Stadt Zürich Open Government Data;Geomatik + Vermessung;Tiefbau- und Entsorgungsdepartement', 'website': 'https://www.balgrist.ch/', 'wikidata': 'Q2494392', 'id': 'way/671786482'}, 'geometry': {'type': 'Polygon', 'coordinates': [[[8.5742766, 47.3530583], [8.5744911, 47.3529383], [8.5744831, 47.3528402], [8.5746708, 47.3527766], [8.5754612, 47.3525354], [8.575797099999999, 47.3525778], [8.5762086, 47.3526578], [8.5761675, 47.3530019], [8.5760347, 47.3533679], [8.5758856, 47.3535562], [8.5749694, 47.3542747], [8.5747913, 47.3544466], [8.5746494, 47.3543693], [8.5742578, 47.3541431], [8.5745569, 47.3539496], [8.5746306, 47.3538714], [8.5742015, 47.3533972], [8.5741813, 47.3532582], [8.5742162, 47.353141], [8.5742766, 47.3530583]]]}}"
FeatureCollection,"{'type': 'Feature', 'id': 'way/672118527', 'properties': {'addr:city': 'Schlieren', 'addr:housenumber': '100', 'addr:postcode': '8952', 'addr:street': 'Urdorferstrasse', 'amenity': 'hospital', 'contact:phone': '+41 44 733 11 11', 'healthcare': 'hospital', 'healthcare:speciality': 'intensive', 'name': 'Spital Limmattal', 'operator': 'Spital Limmattal', 'website': 'https://www.spital-limmattal.ch/', 'wikidata': 'Q30260556', 'id': 'way/672118527'}, 'geometry': {'type': 'Polygon', 'coordinates': [[[8.4289642, 47.3925464], [8.4291247, 47.392548], [8.430557199999999, 47.3929686], [8.4318715, 47.3933324], [8.4326157, 47.3935351], [8.4326868, 47.3935958], [8.4320685, 47.3944628], [8.4318861, 47.3945772], [8.4314999, 47.3944837], [8.4305933, 47.3943466], [8.4299791, 47.3943157], [8.42944, 47.3943148], [8.4289954, 47.3942616], [8.4284133, 47.3941081], [8.4282696, 47.3939864], [8.4283861, 47.3936864], [8.4285626, 47.3932399], [8.4289028, 47.3926091], [8.4289642, 47.3925464]]]}}"
FeatureCollection,"{'type': 'Feature', 'id': 'way/673595876', 'properties': {'addr:city': 'Uster', 'addr:housenumber': '30', 'addr:postcode': '8610', 'addr:street': 'Asylstrasse', 'amenity': 'hospital', 'name': 'Psychiatriezentrum Uster Alterstagesklinik', 'phone': '+41 44 931 39 39', 'website': 'https://adressverzeichnis.sozialearbeit.zhaw.ch/Detail/Index/Clienia_Schloessli_AG_-_Psychiatriezentrum_Uster-Alterstagesklinik-Uster-2ba9eb04-bc44-e311-8b4f-005056a606f6', 'id': 'way/673595876'}, 'geometry': {'type': 'Polygon', 'coordinates': [[[8.7277499, 47.3526167], [8.7269694, 47.3521751], [8.7269479, 47.3521551], [8.7269479, 47.3520861], [8.7269747, 47.3520643], [8.727302, 47.3518081], [8.7274978, 47.3519262], [8.7275487, 47.3519335], [8.7277499, 47.351908], [8.7279001, 47.3518054], [8.7286109, 47.3522223], [8.7279135, 47.3526412], [8.7277767, 47.3526349], [8.7277499, 47.3526167]]]}}"
FeatureCollection,"{'type': 'Feature', 'id': 'way/673609234', 'properties': {'addr:city': 'Dielsdorf', 'addr:housenumber': '11', 'addr:postcode': '8157', 'addr:street': 'Breitestrasse', 'amenity': 'hospital', 'emergency': 'no', 'healthcare': 'hospital', 'name': 'Gesundheitszentrum Dielsdorf', 'operator': 'Zweckverband Gesundheitszentrum Dielsdorf', 'phone': '+41 44 854 64 64', 'website': 'https://www.gzdielsdorf.ch/', 'id': 'way/673609234'}, 'geometry': {'type': 'Polygon', 'coordinates': [[[8.4506026, 47.4792637], [8.4502968, 47.479115], [8.4502646, 47.4791313], [8.4499964, 47.4789772], [8.4502282, 47.478615], [8.4503317, 47.4784533], [8.4501493, 47.4784026], [8.4503826, 47.4780364], [8.4504282, 47.4779784], [8.4508091, 47.4779729], [8.4509298, 47.478272], [8.4513804, 47.478379], [8.4513375, 47.4784461], [8.4516272, 47.4785277], [8.4511954, 47.4791295], [8.4508386, 47.4793851], [8.4506026, 47.4792637]]]}}"
FeatureCollection,"{'type': 'Feature', 'id': 'way/673614566', 'properties': {'addr:city': 'Kilchberg (ZH)', 'addr:country': 'CH', 'addr:housenumber': '70', 'addr:postcode': '8802', 'addr:street': 'Alte Landstrasse', 'amenity': 'clinic', 'healthcare': 'clinic', 'healthcare:speciality': 'psychiatry', 'name': 'Sanatorium Kilchberg', 'phone': '+41 44 716 42 42', 'website': 'https://www.sanatorium-kilchberg.ch/', 'wikidata': 'Q50039750', 'id': 'way/673614566'}, 'geometry': {'type': 'Polygon', 'coordinates': [[[8.5436457, 47.3284721], [8.5416716, 47.3280649], [8.5417682, 47.3278794], [8.541972, 47.3273668], [8.5421061, 47.326985], [8.542133, 47.3269377], [8.5421276, 47.3268795], [8.5421491, 47.3263486], [8.5422456, 47.3261559], [8.5429913, 47.3263123], [8.5432059, 47.3263886], [8.543576, 47.3265123], [8.5437155, 47.3265377], [8.5439247, 47.3265777], [8.5445684, 47.3267195], [8.5443431, 47.3271704], [8.5440642, 47.3277522], [8.5438925, 47.3281194], [8.5438013, 47.328283], [8.5436457, 47.3284721]]]}}"
FeatureCollection,"{'type': 'Feature', 'id': 'way/673623072', 'properties': {'addr:city': 'Kilchberg (ZH)', 'addr:country': 'CH', 'addr:housenumber': '60', 'addr:postcode': '8802', 'addr:street': 'Grütstrasse', 'amenity': 'hospital', 'contact:phone': '+41 44 728 11 11', 'healthcare': 'hospital', 'healthcare:speciality': 'intensive', 'name': 'See-Spital Kilchberg', 'operator': 'Stiftung See-Spital', 'website': 'https://www.see-spital.ch/', 'id': 'way/673623072'}, 'geometry': {'type': 'Polygon', 'coordinates': [[[8.5366186, 47.320433], [8.5364952, 47.320592], [8.535948, 47.3205932], [8.5359525, 47.3213647], [8.5358345, 47.3213637], [8.5358271, 47.3216201], [8.5355844, 47.3216165], [8.535583, 47.3214238], [8.5353349, 47.3214251], [8.5352283, 47.3213106], [8.5351465, 47.3212156], [8.5351458, 47.3211406], [8.5351485, 47.3209501], [8.5351604, 47.3206905], [8.5351552, 47.3206551], [8.5351465, 47.3206237], [8.5351492, 47.3206096], [8.5351767, 47.3205296], [8.5352001, 47.3204678], [8.535371, 47.3200899], [8.5356601, 47.3199131], [8.5356819, 47.3194895], [8.5358106, 47.3192785], [8.5364039, 47.3192785], [8.536406, 47.3199546], [8.5367052, 47.3200388], [8.5367102, 47.3203], [8.5366418, 47.3203028], [8.5366186, 47.320433]]]}}"
FeatureCollection,"{'type': 'Feature', 'id': 'way/675191947', 'properties': {'addr:city': 'Zollikerberg', 'addr:country': 'CH', 'addr:housenumber': '20', 'addr:postcode': '8125', 'addr:street': 'Trichtenhauserstrasse', 'amenity': 'hospital', 'emergency': 'yes', 'healthcare': 'hospital', 'healthcare:speciality': 'intensive', 'name': 'Spital Zollikerberg', 'phone': '+41 44 397 21 11', 'website': 'https://www.spitalzollikerberg.ch/', 'wikidata': 'Q30270433', 'id': 'way/675191947'}, 'geometry': {'type': 'Polygon', 'coordinates': [[[8.5980973, 47.3496256], [8.5979229, 47.349611], [8.5978148, 47.3495715], [8.5973221, 47.3493548], [8.5970244, 47.3491804], [8.5966703, 47.3488005], [8.5965845, 47.3487424], [8.5966703, 47.3487351], [8.5968393, 47.3483826], [8.5965711, 47.3480445], [8.5964814, 47.3477077], [8.5972029, 47.3476927], [8.5971911, 47.3474288], [8.5979658, 47.3476375], [8.5994732, 47.3479918], [8.5999453, 47.3480918], [8.6002859, 47.3478937], [8.6007017, 47.3479373], [8.6010316, 47.3478864], [8.6011308, 47.347881], [8.6012247, 47.3478901], [8.6013615, 47.3479046], [8.6011952, 47.348637], [8.6006856, 47.3485806], [8.6006454, 47.3487351], [8.600235, 47.3486933], [8.6000875, 47.3493185], [8.6000419, 47.3494893], [8.5999238, 47.3497582], [8.5998259, 47.3499654], [8.5994008, 47.3499318], [8.5992104, 47.3499527], [8.5991943, 47.3499572], [8.5991728, 47.3499654], [8.5990159, 47.3499472], [8.5987142, 47.3498954], [8.5985532, 47.3498464], [8.5982274, 47.3497673], [8.5980463, 47.3497274], [8.5980973, 47.3496256]]]}}"
FeatureCollection,"{'type': 'Feature', 'id': 'way/675427337', 'properties': {'addr:city': 'Zürich', 'addr:country': 'CH', 'addr:housenumber': '9', 'addr:postcode': '8044', 'addr:street': 'Schreberweg', 'amenity': 'hospital', 'description': 'Akutgeriatrie, internistisch-onkologische Rehabilitation und Palliative Care', 'name': 'Klinik Susenberg', 'phone': '+41 44 268 38 38', 'source': 'Stadt Zürich Open Government Data; Geomatik + Vermessung; Tiefbau- und Entsorgungsdepartement', 'website': 'https://www.susenbergklinik.ch/', 'id': 'way/675427337'}, 'geometry': {'type': 'Polygon', 'coordinates': [[[8.5682737, 47.3771552], [8.5678103, 47.3770269], [8.5681183, 47.376517], [8.5685817, 47.3766453], [8.5682737, 47.3771552]]]}}"
FeatureCollection,"{'type': 'Feature', 'id': 'way/675430437', 'properties': {'addr:city': 'Zürich', 'addr:country': 'CH', 'addr:housenumber': '2', 'addr:postcode': '8008', 'addr:street': 'Lengghalde', 'amenity': 'clinic', 'healthcare': 'clinic', 'healthcare:speciality': 'orthopaedics', 'name': 'Schulthess Klinik', 'phone': '+41 44 385 71 71', 'website': 'https://www.schulthess-klinik.ch', 'wheelchair': 'yes', 'id': 'way/675430437'}, 'geometry': {'type': 'Polygon', 'coordinates': [[[8.5728121, 47.3528675], [8.5725385, 47.3526458], [8.5726967, 47.3524986], [8.5730562, 47.3508886], [8.5739869, 47.3510103], [8.574129, 47.3510539], [8.574003, 47.3515846], [8.5743973, 47.3516536], [8.5741022, 47.352117], [8.5739011, 47.352544], [8.5737535, 47.3527839], [8.5736623, 47.3528384], [8.5735819, 47.3528529], [8.5734236, 47.3528366], [8.5730803, 47.3527748], [8.5729328, 47.3528039], [8.5728121, 47.3528675]]]}}"
FeatureCollection,"{'type': 'Feature', 'id': 'way/676977259', 'properties': {'amenity': 'clinic', 'emergency': 'no', 'healthcare': 'rehabilitation', 'name': 'Zürcher RehaZentren | Klinik Wald', 'opening_hours': 'Mo-Su 08:00-20:00', 'phone': '+41 55 256 61 11', 'website': 'https://zhreha.ch/klinik/klinik-wald/', 'wikidata': 'Q61857547', 'wikipedia': 'de:Höhenklinik Wald', 'id': 'way/676977259'}, 'geometry': {'type': 'Polygon', 'coordinates': [[[8.94337, 47.2772182], [8.943429, 47.2769926], [8.9433566, 47.2768197], [8.9432466, 47.2764739], [8.9432439, 47.2764066], [8.9428439, 47.2764022], [8.9427477, 47.2762365], [8.942792, 47.2762019], [8.9428416, 47.2761737], [8.9436717, 47.2761764], [8.9436731, 47.27608], [8.9437334, 47.276079], [8.9438642, 47.2760922], [8.9439674, 47.2761236], [8.944005, 47.2761332], [8.9441468, 47.2761352], [8.944214, 47.2761576], [8.9443047, 47.2761921], [8.9443235, 47.2761989], [8.9443208, 47.2762642], [8.9441817, 47.2762644], [8.9441089, 47.276428], [8.944022799999999, 47.276415], [8.9440211, 47.2764032], [8.9436033, 47.2763975], [8.9435939, 47.2766341], [8.943775, 47.2766386], [8.9437696, 47.2768151], [8.9439145, 47.277029], [8.943665, 47.2772637], [8.94337, 47.2772182]]]}}"
FeatureCollection,"{'type': 'Feature', 'id': 'way/692245776', 'properties': {'addr:city': 'Zürich', 'addr:housenumber': '145', 'addr:postcode': '8032', 'addr:street': 'Minervastrasse', 'amenity': 'clinic', 'healthcare': 'clinic', 'name': 'Psychiatrische Universitätsklinik Zürich, Klinik für Alterspsychiatrie', 'operator': 'Psychiatrische Universitätsklinik Zürich', 'short_name': 'PUK Klinik für Alterspsychiartrie', 'id': 'way/692245776'}, 'geometry': {'type': 'Polygon', 'coordinates': [[[8.560573699999999, 47.3623184], [8.561038, 47.3625916], [8.5607898, 47.3627771], [8.560711, 47.3628297], [8.5605745, 47.362906100000004], [8.5604416, 47.3629831], [8.5603676, 47.3630322], [8.5602927, 47.3630997], [8.5602431, 47.3631471], [8.560019, 47.363386], [8.5595195, 47.3631268], [8.559734, 47.3629625], [8.5602007, 47.362603], [8.560573699999999, 47.3623184]]]}}"
FeatureCollection,"{'type': 'Feature', 'id': 'way/856698475', 'properties': {'amenity': 'hospital', 'name': 'Universitätsspital Zürich Flughafen', 'short_name': 'USZ Flughafen', 'wheelchair': 'yes', 'id': 'way/856698475'}, 'geometry': {'type': 'Polygon', 'coordinates': [[[8.5662783, 47.4491295], [8.5660142, 47.4491439], [8.566022199999999, 47.4492038], [8.5659442, 47.449205], [8.5659442, 47.4492278], [8.56581, 47.4492342], [8.5656942, 47.4492398], [8.565704, 47.4492967], [8.5652511, 47.4493303], [8.565244, 47.4491918], [8.5656002, 47.4491047], [8.5662632, 47.4489425], [8.5662783, 47.4491295]]]}}"
FeatureCollection,"{'type': 'Feature', 'id': 'way/867378613', 'properties': {'addr:city': 'Uetikon am See', 'addr:housenumber': '80', 'addr:postcode': '8707', 'addr:street': 'Holländerstrasse', 'amenity': 'clinic', 'building': 'yes', 'healthcare': 'clinic', 'name': 'Clienia Bergheim Psychiatrische Langzeitpflege', 'operator': 'Clinea AG', 'website': 'https://www.clienia.ch/de/standorte/standorte-stationaer/zuerich/bergheim-uetikon-am-see', 'id': 'way/867378613'}, 'geometry': {'type': 'Polygon', 'coordinates': [[[8.6832283, 47.2721005], [8.6833935, 47.27206], [8.6834058, 47.2720854], [8.683434, 47.2720784], [8.6834371, 47.2720637], [8.6834816, 47.2720692], [8.6835176, 47.2721359], [8.6835408, 47.2721799], [8.6830896, 47.2722899], [8.6830542, 47.2722239], [8.6831434, 47.2722021], [8.6831398, 47.2721934], [8.6831585, 47.2721782], [8.683185, 47.2721637], [8.6832211, 47.2721553], [8.6832566, 47.2721536], [8.6832283, 47.2721005]]]}}"
FeatureCollection,"{'type': 'Feature', 'id': 'way/867378614', 'properties': {'addr:city': 'Uetikon am See', 'addr:housenumber': '82', 'addr:postcode': '8707', 'addr:street': 'Holländerstrasse', 'amenity': 'clinic', 'building': 'yes', 'healthcare': 'clinic', 'name': 'Psychiatrische Langzeitpflege', 'website': 'https://www.clienia.ch/de/standorte/standorte-stationaer/zuerich/bergheim-uetikon-am-see', 'id': 'way/867378614'}, 'geometry': {'type': 'Polygon', 'coordinates': [[[8.683669, 47.2721844], [8.6836462, 47.2721055], [8.6835176, 47.2721359], [8.6834816, 47.2720692], [8.6834371, 47.2720637], [8.683434, 47.2720784], [8.6834058, 47.2720854], [8.6833935, 47.27206], [8.6832283, 47.2721005], [8.6831595, 47.2721174], [8.6831514, 47.2721017], [8.6831152, 47.2721107], [8.6830896, 47.2720628], [8.6830725, 47.2720669], [8.6830469, 47.2720194], [8.683148, 47.2719947], [8.6831561, 47.2720097], [8.6831981, 47.2719994], [8.6832374, 47.2719805], [8.6832447, 47.2719875], [8.6832841, 47.2719697], [8.6832907, 47.2719765], [8.6833445, 47.2719543], [8.6833516, 47.2719609], [8.6833902, 47.2719437], [8.6833966, 47.2719504], [8.6834503, 47.2719286], [8.6834577, 47.2719356], [8.6835378, 47.271916], [8.6835787, 47.2718808], [8.6835884, 47.2718861], [8.6836147, 47.2718594], [8.6836249, 47.2718643], [8.6836522, 47.2718377], [8.6836624, 47.2718422], [8.683701, 47.271809], [8.6837109, 47.2718133], [8.6837374, 47.2717873], [8.6837479, 47.2717924], [8.68379, 47.27175], [8.6838836, 47.2717794], [8.683929599999999, 47.2717842], [8.6839274, 47.2717927], [8.6839864, 47.2718029], [8.6839864, 47.2718112], [8.6840466, 47.2718205], [8.6840442, 47.2718289], [8.6840703, 47.2718318], [8.6841517, 47.2719925], [8.6841671, 47.2721293], [8.6838902, 47.2721401], [8.6838912, 47.272151], [8.683669, 47.2721844]]]}}"
FeatureCollection,"{'type': 'Feature', 'id': 'way/1009849339', 'properties': {'amenity': 'hospital', 'healthcare': 'hospital', 'healthcare:speciality': 'psychiatry', 'hospital': 'psychiatry', 'name': 'IPW Integrierte Psychiatrie Winterthur - Zürcher Unterland Zentrum Hard', 'short_name': 'IPW Embrach Zentrum Hard', 'id': 'way/1009849339'}, 'geometry': {'type': 'Polygon', 'coordinates': [[[8.5830836, 47.5251452], [8.5832237, 47.525234], [8.5833357, 47.5252947], [8.5835637, 47.5253916], [8.5835664, 47.5255677], [8.5837072, 47.5256488], [8.5837656, 47.5258801], [8.5833451, 47.5260128], [8.5832137, 47.5260522], [8.5830581, 47.5260662], [8.5828603, 47.5260549], [8.582743, 47.5260341], [8.5826357, 47.5260028], [8.5825559, 47.5259662], [8.5824902, 47.5259304], [8.58235, 47.5258145], [8.5822809, 47.525738], [8.5822333, 47.5256098], [8.5822354, 47.52545], [8.5823252, 47.5250891], [8.5829267, 47.5251502], [8.5829589, 47.5251529], [8.5829937, 47.5251529], [8.5830112, 47.5251507], [8.5830467, 47.5251457], [8.5830836, 47.5251452]]]}}"
FeatureCollection,"{'type': 'Feature', 'id': 'node/3600466682', 'properties': {'addr:city': 'Kilchberg', 'addr:housenumber': '60', 'addr:postcode': '8802', 'addr:street': 'Grütstrasse', 'amenity': 'clinic', 'email': 'kilchberg@zurzachcare.ch', 'healthcare': 'rehabilitation', 'name': 'RehaClinic Kilchberg - Zurzach Care', 'operator': 'ZURZACH Care AG', 'phone': '+41 44 716 70 00', 'website': 'https://www.zurzachcare.ch/kilchberg', 'id': 'node/3600466682'}, 'geometry': {'type': 'Point', 'coordinates': [8.5362854, 47.3199693]}}"
FeatureCollection,"{'type': 'Feature', 'id': 'node/3772970125', 'properties': {'addr:city': 'Zürich', 'addr:housenumber': '252', 'addr:postcode': '8005', 'addr:street': 'Limmatstrasse', 'amenity': 'clinic', 'healthcare': 'clinic', 'healthcare:speciality': 'ophthalmology;dermatology;dermatovenereology;phlebology;plastic_surgery', 'name': 'Pallas Klinik', 'opening_hours': 'Mo-Fr 08:00-12:00, 13:00-17:00', 'operator': 'Klinik Pallas AG', 'id': 'node/3772970125'}, 'geometry': {'type': 'Point', 'coordinates': [8.5263966, 47.3888334]}}"
FeatureCollection,"{'type': 'Feature', 'id': 'node/4101711789', 'properties': {'addr:housenumber': '24', 'addr:street': 'Uetlibergstrasse', 'amenity': 'clinic', 'email': 'tcm@kanghua.ch', 'internet_access': 'wlan', 'name': 'Kanghua TCM&Lingua', 'opening_hours': 'Mo-Sa 08:00-19:00', 'phone': '+41 44 536 35 53', 'website': 'http://www.kanghua.ch', 'id': 'node/4101711789'}, 'geometry': {'type': 'Point', 'coordinates': [8.5205204, 47.3642808]}}"
FeatureCollection,"{'type': 'Feature', 'id': 'node/4176302391', 'properties': {'addr:housenumber': '369', 'addr:street': 'Schaffhauserstrasse', 'amenity': 'clinic', 'email': 'kontakt@gesundwohl-rundum.ch', 'name': 'GesundWohlRundum', 'phone': '+41 44 310 87 87', 'website': 'http://www.gesundwohl-rundum.ch', 'id': 'node/4176302391'}, 'geometry': {'type': 'Point', 'coordinates': [8.5461447, 47.4117657]}}"
FeatureCollection,"{'type': 'Feature', 'id': 'node/4199335192', 'properties': {'amenity': 'clinic', 'description': 'Plastische und Ästhetische Chirurgie', 'email': 'info@kliniktiefenbrunnen.ch', 'healthcare': 'clinic', 'healthcare:speciality': 'plastic_surgery', 'name': 'Klinik Tiefenbrunnen', 'phone': '+41 44 397 17 17', 'website': 'https://www.kliniktiefenbrunnen.ch/', 'id': 'node/4199335192'}, 'geometry': {'type': 'Point', 'coordinates': [8.5681466, 47.3435979]}}"
FeatureCollection,"{'type': 'Feature', 'id': 'node/4734683663', 'properties': {'addr:housenumber': '9b', 'addr:street': 'Bachstrasse', 'amenity': 'clinic', 'level': '1', 'name': 'Santémed', 'opening_hours': 'Mo-Fr 08:00-19:00; PH off', 'phone': '+41 44 800 36 36', 'website': 'https://www.santemed.ch/de/gesundheitszentren/kloten/', 'id': 'node/4734683663'}, 'geometry': {'type': 'Point', 'coordinates': [8.5824606, 47.4516338]}}"
FeatureCollection,"{'type': 'Feature', 'id': 'node/5087016205', 'properties': {'addr:city': 'Winterthur', 'addr:housenumber': '6', 'addr:postcode': '8400', 'addr:street': 'Brunngasse', 'amenity': 'clinic', 'name': 'Eulachklinik', 'website': 'https://eulachklinik.ch/', 'id': 'node/5087016205'}, 'geometry': {'type': 'Point', 'coordinates': [8.7252248, 47.5053184]}}"
FeatureCollection,"{'type': 'Feature', 'id': 'node/5193024721', 'properties': {'addr:housenumber': '36', 'addr:street': 'Bahnhofstrasse', 'amenity': 'clinic', 'name': 'mediX Praxis Dübendorf', 'opening_hours': 'Mo-Fr 08:00-12:00, 13:00-18:00', 'phone': '+41 44 802 10 00', 'id': 'node/5193024721'}, 'geometry': {'type': 'Point', 'coordinates': [8.6202838, 47.398379]}}"
FeatureCollection,"{'type': 'Feature', 'id': 'node/5273646228', 'properties': {'amenity': 'clinic', 'healthcare': 'clinic', 'level': '0', 'name': 'Zentrum für Reisemedizin', 'opening_hours': 'Mo 16:30-19:00; We 11:30-17:00; Th 16:30-19:00; Fr 9:00-11:00; PH off', 'website': 'https://www.ebpi.uzh.ch/de/services/travelclinic.html', 'id': 'node/5273646228'}, 'geometry': {'type': 'Point', 'coordinates': [8.5454394, 47.3758735]}}"
FeatureCollection,"{'type': 'Feature', 'id': 'node/5297598014', 'properties': {'addr:city': 'Zürich', 'addr:housenumber': '18', 'addr:postcode': '8004', 'addr:street': 'Kanonengasse', 'amenity': 'clinic', 'amenity_1': 'social_facility', 'description': 'Gynäkologische Sprechstunde', 'name': 'Ambulatorium Kanonengasse', 'opening_hours': 'Mo 08:30-12:00, 13:30-16:30; We-Th 08:30-12:00; Fr 08:30-12:00, 14:00-16:30', 'operator': 'Stadt Zürich, GUD', 'phone': '+41 44 415 76 06', 'social_facility': 'ambulatory_care', 'social_facility:for': 'underprivileged', 'website': 'https://www.stadt-zuerich.ch/med', 'id': 'node/5297598014'}, 'geometry': {'type': 'Point', 'coordinates': [8.5296854, 47.3775007]}}"
FeatureCollection,"{'type': 'Feature', 'id': 'node/5297598016', 'properties': {'addr:city': 'Zürich', 'addr:housenumber': '18', 'addr:postcode': '8004', 'addr:street': 'Kanonengasse', 'amenity': 'clinic', 'amenity_1': 'social_facility', 'description': 'Allgemeinmedizinische Sprechstunde; Infektionsprävention, Spritzentausch', 'name': 'Ambulatorium Kanonengasse', 'opening_hours': 'Mo-Fr 08:00-12:30, 14:30-19:00; Sa-Su 09:30-12:30, 13:00-16:30', 'operator': 'Stadt Zürich, GUD', 'phone': '+41 44 415 76 10', 'social_facility': 'ambulatory_care', 'social_facility:for': 'underprivileged', 'website': 'https://www.stadt-zuerich.ch/med', 'id': 'node/5297598016'}, 'geometry': {'type': 'Point', 'coordinates': [8.5299678, 47.3776645]}}"
FeatureCollection,"{'type': 'Feature', 'id': 'node/5507116088', 'properties': {'addr:housenumber': '9', 'addr:street': 'Bleichestrasse', 'amenity': 'clinic', 'emergency': 'yes', 'healthcare': 'clinic', 'healthcare:speciality': 'psychiatry', 'name': 'Kriseninterventionszentrum KIZ', 'operator': 'Integrierte Psychiatrie Winterthur - Zürcher Unterland', 'id': 'node/5507116088'}, 'geometry': {'type': 'Point', 'coordinates': [8.7178599, 47.50399]}}"
FeatureCollection,"{'type': 'Feature', 'id': 'node/5507116089', 'properties': {'addr:housenumber': '19', 'addr:street': 'Rudolfstrasse', 'amenity': 'clinic', 'healthcare': 'clinic', 'healthcare:speciality': 'psychiatry', 'name': 'IPW Akut-Tagesklinik', 'operator': 'Integrierte Psychiatrie Winterthur - Zürcher Unterland', 'id': 'node/5507116089'}, 'geometry': {'type': 'Point', 'coordinates': [8.7232705, 47.5012662]}}"
FeatureCollection,"{'type': 'Feature', 'id': 'node/5684601351', 'properties': {'amenity': 'doctors', 'email': 'info@airportmedicalcenter.ch', 'fax': '+41 43 816 56 26', 'healthcare': 'clinic', 'healthcare:speciality': 'general;orthopaedics;urology;dermatology', 'level': '8', 'name': 'Airport Medical Center', 'opening_hours': 'Mo-Su 08:00-17:00', 'operator': 'Spital Bülach', 'phone': '+41 43 816 60 00', 'website': 'http://www.airportmedicalcenter.ch/', 'wheelchair': 'yes', 'id': 'node/5684601351'}, 'geometry': {'type': 'Point', 'coordinates': [8.5632601, 47.4523207]}}"
FeatureCollection,"{'type': 'Feature', 'id': 'node/5797902032', 'properties': {'amenity': 'clinic', 'name': 'Limmatklinik', 'operator': 'NSN medical AG', 'id': 'node/5797902032'}, 'geometry': {'type': 'Point', 'coordinates': [8.5133966, 47.3930186]}}"
FeatureCollection,"{'type': 'Feature', 'id': 'node/6316596968', 'properties': {'addr:city': 'Feuerthalen', 'addr:housenumber': '103', 'addr:postcode': '8245', 'addr:street': 'Zürcherstrasse', 'amenity': 'clinic', 'healthcare': 'clinic', 'healthcare:speciality': 'chinese_medicine;traditional_chinese_medicine', 'level': '1,_Aufzug_2', 'name': 'TCM Li Nan', 'operator': 'Li Nan', 'id': 'node/6316596968'}, 'geometry': {'type': 'Point', 'coordinates': [8.6361385, 47.6905762]}}"
FeatureCollection,"{'type': 'Feature', 'id': 'node/6393546690', 'properties': {'addr:city': 'Wetzikon', 'addr:housenumber': '196', 'addr:postcode': '8620', 'addr:street': 'Bahnhofstrasse', 'amenity': 'clinic', 'email': 'info.pzw@clienia.ch', 'healthcare': 'clinic', 'healthcare:speciality': 'psychiatry', 'name': 'Clienia Schlössli AG', 'phone': '+41 44 931 39 39', 'website': 'https://www.clienia.ch/de/standorte/standorte-ambulant/zuerich/wetzikon', 'id': 'node/6393546690'}, 'geometry': {'type': 'Point', 'coordinates': [8.8017852, 47.3272883]}}"
FeatureCollection,"{'type': 'Feature', 'id': 'node/6395624435', 'properties': {'addr:city': 'Kilchberg (ZH)', 'addr:housenumber': '60', 'addr:postcode': '8802', 'addr:street': 'Grütstrasse', 'amenity': 'clinic', 'healthcare': 'clinic', 'healthcare:speciality': 'radiology', 'name': 'RODIAG Diagnostic Centers Röntgeninstitut', 'operator': 'Rodiag AG', 'phone': '+41 43 377 40 80', 'website': 'http://www.rodiag.ch', 'id': 'node/6395624435'}, 'geometry': {'type': 'Point', 'coordinates': [8.5361311, 47.3198844]}}"
FeatureCollection,"{'type': 'Feature', 'id': 'node/6431334438', 'properties': {'addr:housenumber': '23', 'addr:street': 'Richtiarkade', 'amenity': 'clinic', 'name': 'In-Motion', 'website': 'https://www.in-motion.ch/', 'id': 'node/6431334438'}, 'geometry': {'type': 'Point', 'coordinates': [8.5971041, 47.4099418]}}"
FeatureCollection,"{'type': 'Feature', 'id': 'node/6516560674', 'properties': {'addr:city': 'Zürich', 'addr:housenumber': '62', 'addr:postcode': '8005', 'addr:street': 'Konradstrasse', 'amenity': 'clinic', 'email': 'info@swsieber.ch', 'healthcare': 'clinic', 'name': 'Fachspital Sune-Egge', 'operator': 'Sozialwerk Pfarrer Sieber', 'website': 'https://www.swsieber.ch/was-wir-tun/betreuen/fachspital/', 'id': 'node/6516560674'}, 'geometry': {'type': 'Point', 'coordinates': [8.5341592, 47.3817175]}}"
FeatureCollection,"{'type': 'Feature', 'id': 'node/6649954360', 'properties': {'addr:city': 'Zürich', 'addr:housenumber': '60', 'addr:postcode': '8008', 'addr:street': 'Bleulerstrasse', 'amenity': 'clinic', 'healthcare': 'rehabilitation', 'name': 'Zürcher RehaZentrum Lengg', 'operator': 'Klinik Lengg AG;Stiftung Zürcher RehaZentren', 'short_name': 'Klinik Lengg', 'website': 'https://www.kliniklengg.ch/', 'id': 'node/6649954360'}, 'geometry': {'type': 'Point', 'coordinates': [8.5698255, 47.3486807]}}"
FeatureCollection,"{'type': 'Feature', 'id': 'node/6990345009', 'properties': {'amenity': 'clinic', 'healthcare': 'clinic', 'healthcare:speciality': 'plastic_surgery', 'level': '1', 'name': 'Clinic Plastica', 'operator': 'Clinic Plastica', 'website': 'https://www.plastica.ch/', 'id': 'node/6990345009'}, 'geometry': {'type': 'Point', 'coordinates': [8.7220852, 47.4997002]}}"
FeatureCollection,"{'type': 'Feature', 'id': 'node/7044143562', 'properties': {'amenity': 'clinic', 'name': 'ARUD Zentrum für Suchtmedizin', 'id': 'node/7044143562'}, 'geometry': {'type': 'Point', 'coordinates': [8.5374707, 47.3769637]}}"
FeatureCollection,"{'type': 'Feature', 'id': 'node/7207641262', 'properties': {'amenity': 'clinic', 'name': 'Zürcher Lighthouse', 'operator': 'Stiftung Zürcher Lighthouse', 'website': 'https://www.zuercher-lighthouse.ch', 'id': 'node/7207641262'}, 'geometry': {'type': 'Point', 'coordinates': [8.5636559, 47.367141]}}"
FeatureCollection,"{'type': 'Feature', 'id': 'node/7315912473', 'properties': {'addr:city': 'Dielsdorf', 'addr:housenumber': '11', 'addr:postcode': '8157', 'addr:street': 'Breitestrasse', 'amenity': 'hospital', 'healthcare': 'hospital', 'name': 'ADUS Klinik', 'phone': '+41 44 854 64 90', 'website': 'https://www.adus-klinik.ch/', 'wheelchair': 'yes', 'id': 'node/7315912473'}, 'geometry': {'type': 'Point', 'coordinates': [8.4512043, 47.4785723]}}"
FeatureCollection,"{'type': 'Feature', 'id': 'node/7472080008', 'properties': {'amenity': 'clinic', 'healthcare': 'clinic', 'name': 'Poliklinik Lifeline', 'id': 'node/7472080008'}, 'geometry': {'type': 'Point', 'coordinates': [8.5451124, 47.3756202]}}"
FeatureCollection,"{'type': 'Feature', 'id': 'node/7772509442', 'properties': {'addr:city': 'Winterthur', 'addr:housenumber': '63', 'addr:postcode': '8400', 'addr:street': 'Haldenstrasse', 'amenity': 'clinic', 'healthcare': 'clinic', 'healthcare:speciality': 'psychiatry', 'name': 'Psychiatrische Poliklinik', 'operator': 'Integrierte Psychiatrie Winterthur – Zürcher Unterland (IPW)', 'operator:type': 'public', 'id': 'node/7772509442'}, 'geometry': {'type': 'Point', 'coordinates': [8.7301794, 47.5069864]}}"
FeatureCollection,"{'type': 'Feature', 'id': 'node/7772509443', 'properties': {'amenity': 'clinic', 'healthcare': 'clinic', 'healthcare:speciality': 'covid19', 'name': 'Covid-19-Testzentrum', 'opening_hours': 'Mo-Su 08:00-12:00, 13:00-16:00', 'opening_hours:covid19': 'open', 'operator': 'Kantonsspital Winterthur (KSW)', 'operator:type': 'public', 'website': 'https://www.ksw.ch/aufenthalt-besuch/coronavirus-covid-19/testzentrum-ksw/', 'id': 'node/7772509443'}, 'geometry': {'type': 'Point', 'coordinates': [8.7266142, 47.5079658]}}"
FeatureCollection,"{'type': 'Feature', 'id': 'node/7772509445', 'properties': {'addr:city': 'Winterthur', 'addr:housenumber': '24', 'addr:postcode': '8400', 'addr:street': 'Albanistrasse', 'amenity': 'clinic', 'healthcare': 'clinic', 'healthcare:speciality': 'paediatrics', 'name': 'Sozialpädiatrisches Zentrum SPZ', 'id': 'node/7772509445'}, 'geometry': {'type': 'Point', 'coordinates': [8.7321842, 47.5060051]}}"
FeatureCollection,"{'type': 'Feature', 'id': 'node/8204308910', 'properties': {'amenity': 'doctors', 'email': 'circle@kispi.uzh.ch', 'healthcare': 'clinic', 'name': 'Kinderpermanence im The Circle', 'opening_hours': 'Mo-Su 08:00-22:45', 'operator': 'Kinderspital Zürich', 'phone': '+41 44 255 81 12', 'website': 'https://www.kispi.uzh.ch/de/patienten-und-angehoerige/fachbereiche/notfallstation/Documents/Circle-Flyer_def_Web_fin.pdf', 'id': 'node/8204308910'}, 'geometry': {'type': 'Point', 'coordinates': [8.5662739, 47.4493072]}}"
FeatureCollection,"{'type': 'Feature', 'id': 'node/8343640021', 'properties': {'addr:city': 'Zürich', 'addr:housenumber': '29', 'addr:postcode': '8002', 'addr:street': 'Bürglistrasse', 'amenity': 'clinic', 'healthcare': 'clinic', 'healthcare:speciality': 'radiology', 'name': 'Swiss Neuroradiology Institute (SNRI)', 'website': 'https://www.snri.ch/', 'id': 'node/8343640021'}, 'geometry': {'type': 'Point', 'coordinates': [8.5293744, 47.3609831]}}"
FeatureCollection,"{'type': 'Feature', 'id': 'node/8404199410', 'properties': {'addr:city': 'Zürich', 'addr:housenumber': '255', 'addr:postcode': '8005', 'addr:street': 'Sihlquai', 'amenity': 'clinic', 'email': 'tagesklinik@forel-klinik.ch', 'healthcare': 'clinic', 'name': 'Forel-Klinik - Tagesklinik und Ambulatorium', 'opening_hours': 'Mo-Fr 08:00–12:00, 12:45–17:00', 'operator': 'Forel Klinik AG', 'phone': '+41 44 277 56 00', 'website': 'www.forel-klinik.ch/tagesklinik', 'id': 'node/8404199410'}, 'geometry': {'type': 'Point', 'coordinates': [8.5288486, 47.3879127]}}"
FeatureCollection,"{'type': 'Feature', 'id': 'node/8523455266', 'properties': {'addr:city': 'Zürich', 'addr:housenumber': '3', 'addr:postcode': '8032', 'addr:street': 'Neumünsterallee', 'amenity': 'clinic', 'healthcare': 'clinic', 'healthcare:speciality': 'psychiatry', 'name': 'PUK - Kinder- und Jugendpsychiatrie', 'operator': 'Universitätsklinik Zürich', 'phone': '+41 43 499 26 26', 'website': 'https://www.pukzh.ch/zuweiser-fachpersonen/kinder-und-jugendliche/', 'id': 'node/8523455266'}, 'geometry': {'type': 'Point', 'coordinates': [8.5568696, 47.362541]}}"
FeatureCollection,"{'type': 'Feature', 'id': 'node/8702470111', 'properties': {'addr:city': 'Kilchberg', 'addr:housenumber': '155A', 'addr:postcode': '8802', 'addr:street': 'Seestrasse', 'amenity': 'clinic', 'email': 'office@sgk.swiss', 'healthcare': 'clinic', 'healthcare:speciality': 'general', 'level': '0', 'name': 'Seegarten Klinik AG', 'opening_hours': 'Mo-Fr 08:00-17:30', 'opening_hours:covid19': 'same', 'phone': '+41 44 716 48 48', 'website': 'https://www.sgk.swiss/', 'id': 'node/8702470111'}, 'geometry': {'type': 'Point', 'coordinates': [8.5506098, 47.3222685]}}"
FeatureCollection,"{'type': 'Feature', 'id': 'node/8998456884', 'properties': {'addr:city': 'Zürich-Flughafen', 'addr:housenumber': '48', 'addr:postcode': '8058', 'addr:street': 'The Circle', 'amenity': 'clinic', 'email': 'flughafen.ambulant@zurzachcare.ch', 'healthcare': 'clinic', 'level': '0', 'name': 'Ambulantes Zentrum ZURZACH Care', 'operator': 'ZURZACH Care', 'phone': '+41 43 816 10 90', 'website': 'https://www.zurzachcare.ch/flughafen-ambulant', 'id': 'node/8998456884'}, 'geometry': {'type': 'Point', 'coordinates': [8.5657467, 47.4492497]}}"
FeatureCollection,"{'type': 'Feature', 'id': 'node/9028857238', 'properties': {'addr:city': 'Zürich', 'addr:housenumber': '108', 'addr:postcode': '8004', 'addr:street': 'Badenerstrasse', 'amenity': 'clinic', 'name': 'Psychiatrische Polyklinik', 'operator': 'Stadt Zürich', 'phone': '+41 44 412 48 00', 'website': 'https://www.stadt-zuerich.ch/gud/de/index/gesundheitsversorgung/medizin/sozialmedizin/PPZ.html', 'id': 'node/9028857238'}, 'geometry': {'type': 'Point', 'coordinates': [8.5248578, 47.374378]}}"
FeatureCollection,"{'type': 'Feature', 'id': 'node/9151547627', 'properties': {'amenity': 'clinic', 'email': 'praxis@orthopaedie-zuerich.ch', 'healthcare': 'clinic', 'name': 'Orthopädie Zentrum Zürich', 'operator': 'Hirslanden Klinik im Park', 'phone': '+41 44 226 90 00', 'website': 'https://www.hirslanden.ch/de/klinik-im-park/centers/orthopaedie-zentrum-zuerich.html', 'id': 'node/9151547627'}, 'geometry': {'type': 'Point', 'coordinates': [8.532498799999999, 47.3510925]}}"
FeatureCollection,"{'type': 'Feature', 'id': 'node/9151547628', 'properties': {'alt_name': 'Onko Zentrum Zürich Enge', 'amenity': 'clinic', 'healthcare': 'clinic', 'name': 'Onkozentrum Zürich-Enge', 'operator': 'Onkozentrum Zürich AG', 'phone': '+41 43 344 33 33', 'website': 'https://ozh.ch/ozh/wir-stellen-uns-vor/', 'id': 'node/9151547628'}, 'geometry': {'type': 'Point', 'coordinates': [8.5322958, 47.3510859]}}"
FeatureCollection,"{'type': 'Feature', 'id': 'node/9151768393', 'properties': {'alt_name': 'Onko Zentrum Zürich Seefeld', 'amenity': 'clinic', 'name': 'Onkozentrum Zürich Seefeld', 'website': 'https://ozh.ch/ozh/standort-seefeld/', 'id': 'node/9151768393'}, 'geometry': {'type': 'Point', 'coordinates': [8.558686699999999, 47.3529907]}}"
FeatureCollection,"{'type': 'Feature', 'id': 'node/9166788679', 'properties': {'addr:city': 'Zürich', 'addr:housenumber': '133', 'addr:postcode': '8005', 'addr:street': 'Hardturmstrasse', 'amenity': 'clinic', 'email': 'mpa.zuerich@integrative-onkologie.ch', 'name': 'ZIO Zentrum für Integrative Onkologie', 'phone': '+41 44 448 30 00', 'website': 'https://integrative-onkologie.ch/', 'id': 'node/9166788679'}, 'geometry': {'type': 'Point', 'coordinates': [8.5133805, 47.3929512]}}"
FeatureCollection,"{'type': 'Feature', 'id': 'node/9209001816', 'properties': {'addr:city': 'Zürich', 'addr:housenumber': '18', 'addr:postcode': '8001', 'addr:street': 'Goethestrasse', 'alt_name': 'Medizinisch Radiologische Institut', 'amenity': 'clinic', 'email': 'stadelhofen@mri-roentgen.ch', 'name': 'MRI Stadelhofen', 'phone': '+41 44 226 20 90', 'website': 'https://www.mri-roentgen.ch/de/standorte/mri-stadelhofen/', 'id': 'node/9209001816'}, 'geometry': {'type': 'Point', 'coordinates': [8.548012, 47.3659083]}}"
FeatureCollection,"{'type': 'Feature', 'id': 'node/9465659413', 'properties': {'amenity': 'clinic', 'name': 'Check-up Zentrum Hirslanden Zürich', 'opening_hours': 'Mo-Fr 08:00-12:00, 13:00-17:00', 'operator': 'Hirslanden Zürich', 'phone': '+41 44 387 35 79', 'website': 'https://www.hirslanden.ch/de/klinik-hirslanden/centers/checkupzentrum-hirslanden.html', 'id': 'node/9465659413'}, 'geometry': {'type': 'Point', 'coordinates': [8.5844126, 47.3500976]}}"
FeatureCollection,"{'type': 'Feature', 'id': 'node/9497675499', 'properties': {'amenity': 'doctors', 'contact:city': 'Bülach', 'contact:housenumber': '5', 'contact:postcode': '8180', 'contact:street': 'Zürichstrasse', 'email': 'info@kardioviva.ch', 'healthcare': 'clinic', 'healthcare:speciality': 'Kardiologie', 'name': 'Kardioviva', 'operator': 'Kardioviva', 'operator:type': 'private', 'phone': '+41 44 365 65 67', 'website': 'http://kardioviva.ch/', 'id': 'node/9497675499'}, 'geometry': {'type': 'Point', 'coordinates': [8.5425334, 47.5154972]}}"
FeatureCollection,"{'type': 'Feature', 'id': 'node/9497675500', 'properties': {'amenity': 'doctors', 'contact:city': 'Bülach', 'contact:housenumber': '5', 'contact:postcode': '8180', 'contact:street': 'Zürichstrasse', 'healthcare': 'clinic', 'healthcare:speciality': 'urology', 'name': 'Uroviva', 'opening_hours': 'Mo-Fr 07:00-18:00', 'operator': 'Uroviva', 'operator:type': 'private', 'website': 'https://www.uroviva.ch/', 'id': 'node/9497675500'}, 'geometry': {'type': 'Point', 'coordinates': [8.5425729, 47.5154347]}}"
FeatureCollection,"{'type': 'Feature', 'id': 'node/9552076030', 'properties': {'alt_name': 'Augenklinik', 'amenity': 'doctors', 'email': 'info@airportmedicalcenter.ch', 'fax': '+41 43 816 70 02', 'healthcare': 'clinic', 'healthcare:speciality': 'ophthalmology', 'level': '8', 'name': 'Airport Medical Center Eye Clinic', 'opening_hours': 'Mo-Su 08:00-17:30', 'operator': 'Spital Bülach', 'phone': '+41 43 816 70 00', 'website': 'http://www.airportmedicalcenter.ch/', 'wheelchair': 'yes', 'id': 'node/9552076030'}, 'geometry': {'type': 'Point', 'coordinates': [8.5628075, 47.4519286]}}"
FeatureCollection,"{'type': 'Feature', 'id': 'node/9562163314', 'properties': {'amenity': 'clinic', 'email': 'hello@viselio.com', 'level': '9', 'name': 'Testcenter beim Radisson Blu', 'operator': 'Viselio', 'phone': '+41 44 505 12 92', 'website': 'https://www.viselio.com/zrh/', 'id': 'node/9562163314'}, 'geometry': {'type': 'Point', 'coordinates': [8.5640781, 47.4526417]}}"
